idx,reconn_trigger,conf_trigger,rad_trigger,margin_trigger,tct_pass_rate,tct_fail_pnet,tct_burst_rate,tct_pnet_p05,tct_pnet_p50,tct_pnet_p95,tct_tail_burst_frac,corr_precursor_pburst,corr_pburst_burst
0,0.55,0.55,0.6,0.15,0.255,0.6146,0.3746,-28.220154387409202,-4.651270546990023,22.501756571693317,0.412,0.9052041392703574,0.11363122782015463
1,0.55,0.55,0.6,0.08,0.2672,0.6028,0.3648,-27.37121399922687,-3.901297733823906,21.946909174402485,0.364,0.9050582293729056,0.11881757262658965
2,0.55,0.55,0.6,0.04,0.2716,0.6018,0.3574,-28.416785795273345,-4.1186325908868175,22.178399962740563,0.38,0.9095409390159719,0.11450189220034583
3,0.55,0.55,0.6,0.02,0.2612,0.6046,0.3704,-28.013959373607687,-4.157393851502455,21.71605500204169,0.402,0.9054680888367324,0.12410783267742649
4,0.55,0.55,0.6,0.01,0.2536,0.6206,0.3708,-27.957849881436854,-4.447175118671918,21.907677534566375,0.402,0.906071806072075,0.11835631818182535
5,0.55,0.55,0.65,0.15,0.258,0.621,0.3524,-28.80777998176746,-4.68430365967596,22.63880961711211,0.384,0.9066485416055815,0.12062506051508624
6,0.55,0.55,0.65,0.08,0.263,0.6146,0.3704,-27.991457104872957,-4.439891411320046,21.89515597691365,0.434,0.9069499008505649,0.14021553105299295
7,0.55,0.55,0.65,0.04,0.2586,0.6144,0.3684,-27.8571032851579,-4.6534452802736,21.85260056660832,0.402,0.9054931840562284,0.11364698808269419
8,0.55,0.55,0.65,0.02,0.2648,0.6014,0.3712,-28.209884770423503,-3.7856150512518383,22.38667701515551,0.384,0.9075290239904796,0.12484033202919055
9,0.55,0.55,0.65,0.01,0.252,0.6164,0.3784,-28.1227439207322,-4.131371300616729,22.09796249346407,0.422,0.9093103311576863,0.1256436760547623
10,0.55,0.55,0.7,0.15,0.2556,0.6222,0.3814,-28.057235948861543,-4.507979155399823,22.452823495330016,0.432,0.9076491567583473,0.12608857389439942
11,0.55,0.55,0.7,0.08,0.255,0.6116,0.371,-27.895525477802916,-4.203329941792792,21.511510136258835,0.382,0.9042188020062865,0.12602831893914768
12,0.55,0.55,0.7,0.04,0.2578,0.6166,0.3722,-28.714014169450625,-4.627556021306108,22.452463206432522,0.436,0.9079533141749934,0.12085256994125489
13,0.55,0.55,0.7,0.02,0.2624,0.6094,0.3712,-28.015650715102492,-4.155477841026036,22.291930110104648,0.386,0.9042716114013761,0.11270534337412008
14,0.55,0.55,0.7,0.01,0.2716,0.6028,0.3682,-27.51792079741858,-3.880120129900535,22.790366480828194,0.366,0.906976084130441,0.14110413261037738
15,0.55,0.55,0.75,0.15,0.2594,0.612,0.3706,-27.49440205159525,-4.232107765025741,21.992371642215232,0.4,0.9062119433582613,0.11299619033227642
16,0.55,0.55,0.75,0.08,0.2562,0.614,0.3726,-28.78112408069913,-4.329065033540006,22.075508648118618,0.368,0.9070975268835008,0.11158343130252754
17,0.55,0.55,0.75,0.04,0.2676,0.6066,0.3744,-28.027471129354314,-4.115677132878843,23.82430660102001,0.412,0.913710893104168,0.12202749189874577
18,0.55,0.55,0.75,0.02,0.2586,0.6182,0.371,-28.307530672599604,-4.659268823417229,22.6447346551574,0.4,0.9064583734535967,0.12348808422106484
19,0.55,0.55,0.75,0.01,0.2642,0.6118,0.366,-28.164571093028247,-4.2136082835151765,22.822011418702573,0.396,0.908449802144556,0.12929201944950086
20,0.55,0.55,0.8,0.15,0.2574,0.6172,0.3664,-28.421696155481875,-4.283572044500399,22.572649704712834,0.346,0.9093332149832654,0.11521738932792662
21,0.55,0.55,0.8,0.08,0.2612,0.6056,0.3718,-27.887524540365504,-3.9749551241487344,22.014149724246582,0.35,0.9035126907184091,0.12626008462866986
22,0.55,0.55,0.8,0.04,0.2638,0.6078,0.3656,-28.052565909706342,-4.122186573470692,22.680051163328038,0.426,0.9089767309517168,0.11924521572690655
23,0.55,0.55,0.8,0.02,0.2712,0.6002,0.3664,-28.02065772680684,-3.8133760634118925,22.879367929055423,0.392,0.9098429731292309,0.11808915178526236
24,0.55,0.55,0.8,0.01,0.268,0.6038,0.3644,-28.039297212241415,-4.310730516785469,22.39150486856838,0.404,0.9076934678614959,0.12351388676938518
25,0.55,0.6,0.6,0.15,0.2658,0.6078,0.3654,-27.991965014301982,-4.038549394644274,22.6281234406936,0.408,0.9107357834074269,0.1262028359751192
26,0.55,0.6,0.6,0.08,0.267,0.6086,0.3728,-27.57798323749645,-4.128958616715141,21.88029352251076,0.412,0.9035909089452162,0.13440494618167106
27,0.55,0.6,0.6,0.04,0.2566,0.6094,0.374,-28.280121916448905,-4.235949321937921,21.9732873709898,0.39,0.9061175302822936,0.10924126594079414
28,0.55,0.6,0.6,0.02,0.2628,0.6018,0.3748,-28.521952761572738,-4.192737744821974,22.685291620078978,0.398,0.9072668438532399,0.12706139986248383
29,0.55,0.6,0.6,0.01,0.2632,0.614,0.3572,-27.325918123774077,-4.298267274861142,21.768254082512307,0.358,0.9087682631051289,0.11400555156328505
30,0.55,0.6,0.65,0.15,0.2642,0.613,0.355,-28.61086049254062,-4.320909848237235,22.41447529331746,0.404,0.903652704496473,0.10613566427905603
31,0.55,0.6,0.65,0.08,0.279,0.5968,0.3554,-28.133577683776892,-4.086119566157265,22.35691006401519,0.406,0.9060517595695778,0.11185159842298965
32,0.55,0.6,0.65,0.04,0.2636,0.61,0.3724,-27.20805610750869,-4.324530330510946,22.046434256209128,0.418,0.9056270949175412,0.13951153163637275
33,0.55,0.6,0.65,0.02,0.2664,0.6066,0.3728,-28.133045919248637,-4.3380346530268445,22.397539537173454,0.414,0.9090279332025144,0.12848509750824985
34,0.55,0.6,0.65,0.01,0.2562,0.6208,0.3658,-27.579024000453103,-4.589102863697383,21.956632089359164,0.4,0.9049301041667785,0.1117666480779322
35,0.55,0.6,0.7,0.15,0.2646,0.6086,0.3784,-28.40766631659509,-4.547949062875734,22.324136771223312,0.402,0.909226218030525,0.1385174297094241
36,0.55,0.6,0.7,0.08,0.2582,0.6128,0.3708,-27.437126540501207,-4.181261047409475,22.202695256706853,0.374,0.9076265769265089,0.12682592942313878
37,0.55,0.6,0.7,0.04,0.267,0.6074,0.3656,-28.518603233746035,-4.356441097450844,23.32410642300474,0.372,0.9086259004332585,0.1557016606128864
38,0.55,0.6,0.7,0.02,0.2564,0.617,0.3616,-28.14413905213756,-4.245542999414019,22.255121194438566,0.372,0.9035146683152204,0.1201310609114708
39,0.55,0.6,0.7,0.01,0.2566,0.6196,0.372,-28.48134300784098,-4.567291480040045,23.233245707780732,0.408,0.9075870938739165,0.13298967679182205
40,0.55,0.6,0.75,0.15,0.2538,0.6136,0.3746,-27.85115190887294,-3.9538250148761604,21.54545424769879,0.426,0.9023468331253128,0.11896524988086496
41,0.55,0.6,0.75,0.08,0.25,0.6148,0.3798,-27.89947319114692,-4.455932446423288,22.659865824866653,0.386,0.907607653981768,0.1044308038480827
42,0.55,0.6,0.75,0.04,0.2582,0.6152,0.364,-27.996218087688327,-4.523445349939884,22.979566525780925,0.416,0.9083209311702618,0.12381848784724656
43,0.55,0.6,0.75,0.02,0.2572,0.6108,0.3676,-29.001380246439126,-4.538848002012379,22.798975454154135,0.422,0.9091556817445164,0.12721225740076106
44,0.55,0.6,0.75,0.01,0.269,0.601,0.3698,-27.542623529760785,-4.045007579054074,22.03677855216419,0.376,0.905525114496389,0.12685348956098502
45,0.55,0.6,0.8,0.15,0.2614,0.6124,0.3704,-27.76682236450238,-4.119398978269487,22.888861789821426,0.382,0.9105208251400364,0.12014466089567716
46,0.55,0.6,0.8,0.08,0.2812,0.5954,0.36,-27.920225727285562,-3.6786336834035858,22.772725469732492,0.41,0.9050353845020733,0.1311853579750701
47,0.55,0.6,0.8,0.04,0.2564,0.613,0.374,-26.968472277929457,-4.418097091152758,22.470154104415986,0.42,0.9100932437342906,0.1223959257884763
48,0.55,0.6,0.8,0.02,0.2558,0.6124,0.3654,-28.106306425748645,-4.5544582522562,22.614567661037817,0.344,0.9057658462785722,0.11360355288724751
49,0.55,0.6,0.8,0.01,0.256,0.6178,0.3732,-28.116376486509843,-4.5886972911043316,21.698449282555742,0.374,0.9032608748318455,0.1194240870950321
50,0.55,0.65,0.6,0.15,0.2676,0.606,0.3666,-28.501668456457303,-4.196436409109701,21.807468628589493,0.42,0.9069769870157484,0.1321652684183607
51,0.55,0.65,0.6,0.08,0.2678,0.6154,0.3554,-28.58549409800622,-4.378938389432515,22.640210440589048,0.394,0.9114146807400256,0.1540551032615558
52,0.55,0.65,0.6,0.04,0.261,0.6176,0.3642,-28.326697427443758,-4.6490622890796365,21.187585626857626,0.386,0.9036298000261327,0.12502963209281764
53,0.55,0.65,0.6,0.02,0.2584,0.6172,0.363,-28.469832508895596,-4.576092525047022,22.73486171080766,0.382,0.9078444977794526,0.1163231343447121
54,0.55,0.65,0.6,0.01,0.2628,0.6134,0.3688,-28.77509997736196,-4.5341828159481485,21.94562324419049,0.396,0.9072417760634024,0.11718780012222547
55,0.55,0.65,0.65,0.15,0.263,0.61,0.3572,-27.919226111331646,-4.316245608916807,22.72244728033402,0.372,0.9069642595580405,0.134995747321553
56,0.55,0.65,0.65,0.08,0.2626,0.6064,0.3692,-27.87789092426144,-4.276777355881817,21.36680357572561,0.434,0.9069989861592467,0.10867333689976275
57,0.55,0.65,0.65,0.04,0.2656,0.6114,0.3616,-27.85175764419916,-4.298268421349704,22.678288456263253,0.4,0.9072735168969532,0.1271718379624485
58,0.55,0.65,0.65,0.02,0.261,0.6034,0.3822,-28.542456899839305,-4.16112101716858,21.965278283501792,0.448,0.9061824440143031,0.1121161131123815
59,0.55,0.65,0.65,0.01,0.2688,0.602,0.3628,-28.208980391707602,-4.176744789681615,22.706554644205074,0.374,0.9091103180854666,0.12319032634248915
60,0.55,0.65,0.7,0.15,0.2622,0.6192,0.3664,-27.226171644373995,-4.498504423886715,23.09607247019265,0.384,0.9089681083251722,0.1339596160368976
61,0.55,0.65,0.7,0.08,0.2702,0.5948,0.3666,-27.754700680402102,-3.9280260167947025,22.850864980865335,0.388,0.9089487065685139,0.1360923391402278
62,0.55,0.65,0.7,0.04,0.2682,0.6018,0.3632,-27.932983979377155,-3.9901819258112,22.00885515336264,0.4,0.9060814663980199,0.12266086703116526
63,0.55,0.65,0.7,0.02,0.2628,0.6046,0.381,-27.622806634048594,-4.185667432483283,21.935762081312923,0.42,0.9037149406059135,0.13602736254073086
64,0.55,0.65,0.7,0.01,0.2646,0.6064,0.3622,-27.464715526621866,-4.186893505548948,22.590361873794144,0.388,0.9075239462285373,0.11329590035176874
65,0.55,0.65,0.75,0.15,0.2604,0.6202,0.3674,-28.654702059706466,-4.76511620465599,22.71638254424455,0.37,0.9071804412302035,0.12264448305428895
66,0.55,0.65,0.75,0.08,0.2618,0.606,0.369,-28.740243558629196,-4.361767567123538,21.524349488752055,0.4,0.9053413564979564,0.13377227930598337
67,0.55,0.65,0.75,0.04,0.2662,0.6036,0.365,-27.028924661057598,-4.365588164343228,22.878321177427253,0.382,0.90669458711494,0.12179983486326316
68,0.55,0.65,0.75,0.02,0.2616,0.613,0.3694,-27.771488279602774,-4.184956782919264,22.65624392338821,0.396,0.9107993855121227,0.15342694745348417
69,0.55,0.65,0.75,0.01,0.2646,0.6066,0.3676,-28.93446386426371,-4.236572332953278,22.282968974428478,0.388,0.9068763255044989,0.11540965810227286
70,0.55,0.65,0.8,0.15,0.2662,0.6128,0.3572,-27.862038967985175,-4.289139228038765,22.71453908049285,0.418,0.9086855116560573,0.13129309931767527
71,0.55,0.65,0.8,0.08,0.2592,0.6188,0.3698,-27.856132955681137,-4.846578243105127,21.63083050558468,0.422,0.9082539323972764,0.11328616573612622
72,0.55,0.65,0.8,0.04,0.2794,0.6014,0.3628,-27.91240916195007,-4.023676288539931,22.851026844565933,0.398,0.9070425169022699,0.1512813391241413
73,0.55,0.65,0.8,0.02,0.259,0.621,0.3598,-28.456053268109965,-4.811756191636742,22.9652173063184,0.4,0.9092716037848945,0.12082207842762847
74,0.55,0.65,0.8,0.01,0.2632,0.6094,0.3676,-28.544163328184297,-4.321648127362602,22.60424948043148,0.41,0.9092242044249911,0.13587608536230011
75,0.55,0.7,0.6,0.15,0.2626,0.603,0.3692,-27.782487899921406,-4.133109841890277,21.87659491604076,0.388,0.9054841805071956,0.11682151102741145
76,0.55,0.7,0.6,0.08,0.2666,0.603,0.3674,-28.120446570068122,-4.3486346195196575,22.261134754029108,0.41,0.9044554932004888,0.1326278354361043
77,0.55,0.7,0.6,0.04,0.2656,0.6002,0.3806,-27.60886307327133,-3.902434015738298,22.791141426248725,0.434,0.9100693765360037,0.1390306995230139
78,0.55,0.7,0.6,0.02,0.2546,0.6092,0.3818,-27.717473243424386,-4.549974636880439,22.71470308578977,0.422,0.909800357738995,0.137864203921237
79,0.55,0.7,0.6,0.01,0.2696,0.6078,0.363,-28.029586919566523,-4.298792681861808,23.2114612649981,0.39,0.9102313300992617,0.1386721777352228
80,0.55,0.7,0.65,0.15,0.26,0.6132,0.371,-28.208898205419285,-4.235730500622747,22.33773901032455,0.422,0.9067044983517101,0.1357334370687756
81,0.55,0.7,0.65,0.08,0.256,0.607,0.373,-28.130350013692933,-4.354389595443504,22.360318627949386,0.39,0.9034414106020651,0.1248577441327008
82,0.55,0.7,0.65,0.04,0.2624,0.6072,0.3764,-27.26136260729976,-4.307576773102586,21.62102882025419,0.42,0.9052895002938424,0.13272582917733516
83,0.55,0.7,0.65,0.02,0.2706,0.6056,0.3718,-28.173356107034106,-4.400251457439968,22.958542754915495,0.386,0.9098194330933806,0.14431845555718997
84,0.55,0.7,0.65,0.01,0.2656,0.6058,0.3672,-27.774912500591803,-3.995599403098784,23.21413686730108,0.398,0.9090460537644615,0.12106546427841042
85,0.55,0.7,0.7,0.15,0.258,0.6142,0.3712,-27.559746233151316,-4.224198110721783,21.30295156645778,0.4,0.9050308675027651,0.13226903985071498
86,0.55,0.7,0.7,0.08,0.2728,0.5994,0.364,-28.2500877347569,-3.835685310360467,22.711445006466228,0.372,0.9064543348038213,0.12620415328407017
87,0.55,0.7,0.7,0.04,0.2788,0.597,0.3662,-28.089839385624423,-3.8184927918091858,23.17220465651831,0.414,0.9077346193350073,0.13760001770789362
88,0.55,0.7,0.7,0.02,0.2554,0.621,0.3662,-28.405206026784487,-4.7788452593144894,22.52762561357443,0.382,0.9095080155733389,0.13680063365862805
89,0.55,0.7,0.7,0.01,0.249,0.629,0.37,-27.97469897663694,-4.847333174620813,22.329528250399868,0.4,0.9098915116673476,0.11132622394061083
90,0.55,0.7,0.75,0.15,0.2716,0.6004,0.3636,-27.487000554422405,-4.030693062666717,21.769469754350197,0.42,0.9050106135961873,0.13227642944763415
91,0.55,0.7,0.75,0.08,0.2506,0.6194,0.3704,-28.324490420360327,-4.5852695959861425,22.109598319203307,0.368,0.9055332755938101,0.11255466237487884
92,0.55,0.7,0.75,0.04,0.2698,0.605,0.3626,-27.74669144949149,-4.108457057238012,22.068721922558364,0.4,0.9081595469806862,0.13063294442415843
93,0.55,0.7,0.75,0.02,0.2624,0.6134,0.373,-27.957069342918135,-4.324766100221568,21.86062327369353,0.384,0.9056487838279533,0.13850332035114704
94,0.55,0.7,0.75,0.01,0.2558,0.6204,0.3608,-28.081268729021424,-4.505489311957973,22.009749295347167,0.394,0.9065695756718731,0.13198951909196505
95,0.55,0.7,0.8,0.15,0.2612,0.6026,0.3756,-28.280522743884223,-4.193700611302234,22.408484212989208,0.394,0.9065005302172567,0.11722545341955905
96,0.55,0.7,0.8,0.08,0.277,0.5948,0.367,-27.77163255199193,-3.6494532507220114,23.492350108279286,0.414,0.9101144568425649,0.13172048868891625
97,0.55,0.7,0.8,0.04,0.2724,0.6046,0.3594,-27.80928611325289,-4.095529916232641,23.593631470975648,0.436,0.9093289375802939,0.1468535568103661
98,0.55,0.7,0.8,0.02,0.2538,0.6156,0.3624,-27.84464892848802,-4.170047460689025,22.23698066996691,0.346,0.9054692219638573,0.10369311218834557
99,0.55,0.7,0.8,0.01,0.2664,0.5996,0.3648,-27.739130030575566,-3.792488460013856,22.682719892676463,0.414,0.905707905923846,0.1136817553199183
100,0.6,0.55,0.6,0.15,0.2712,0.5962,0.3742,-28.15044060708691,-3.7269158944256793,21.50630734767315,0.388,0.9046901822556572,0.11817902748212324
101,0.6,0.55,0.6,0.08,0.2632,0.6124,0.3662,-27.756812137662543,-4.413151734652256,21.77569216064542,0.406,0.9091442688904728,0.11289413365737588
102,0.6,0.55,0.6,0.04,0.2592,0.6146,0.3752,-28.325640930827163,-4.394557100515174,22.55355757623935,0.418,0.9086606073909154,0.12706535851587392
103,0.6,0.55,0.6,0.02,0.2728,0.6018,0.3662,-27.445657888411272,-3.9180455335697353,22.125845574182758,0.402,0.9042302597197327,0.13044083773686296
104,0.6,0.55,0.6,0.01,0.2688,0.604,0.358,-27.62894689344973,-4.1986708426131925,22.124504931383637,0.408,0.904616710457357,0.10118681256103736
105,0.6,0.55,0.65,0.15,0.263,0.6064,0.3794,-28.394772952345292,-4.148460351607305,22.250608162479875,0.398,0.9054717616151837,0.11778930595769918
106,0.6,0.55,0.65,0.08,0.2586,0.6176,0.3656,-27.784040332649163,-4.0388091833375865,22.47076968009633,0.404,0.909116323097124,0.13812502206832114
107,0.6,0.55,0.65,0.04,0.261,0.61,0.3768,-28.385935454584615,-4.395060844348801,21.42147064314215,0.392,0.9055484012648147,0.13016830483394973
108,0.6,0.55,0.65,0.02,0.2494,0.6158,0.385,-27.93427463367786,-4.4912630160794516,22.276777122446898,0.428,0.9063858739433927,0.09895935015417127
109,0.6,0.55,0.65,0.01,0.2584,0.619,0.3592,-27.98340165962087,-4.704373850258729,21.93984714868731,0.402,0.9062725495153353,0.11399433857226865
110,0.6,0.55,0.7,0.15,0.2652,0.5992,0.3838,-27.95054529852462,-3.740902278885015,22.249883531288106,0.394,0.9087434097776301,0.12947079937179626
111,0.6,0.55,0.7,0.08,0.2678,0.603,0.3754,-28.266065999038837,-4.052225701097335,23.310254241690554,0.442,0.9111540636184626,0.14344736343836884
112,0.6,0.55,0.7,0.04,0.2766,0.6036,0.3548,-28.291423441851915,-4.192204489050287,22.262252808428144,0.444,0.908266027961375,0.13055616168537362
113,0.6,0.55,0.7,0.02,0.2584,0.6178,0.3696,-28.396822551175735,-4.38670984834955,22.545512387498817,0.408,0.9095117033305895,0.12477945718002015
114,0.6,0.55,0.7,0.01,0.27,0.6022,0.3692,-27.79498483500448,-3.7398334580854273,22.89679890546044,0.418,0.9069669028260298,0.12207958695684822
115,0.6,0.55,0.75,0.15,0.2668,0.6078,0.3624,-27.09442135820794,-4.451237970282966,21.90702897469933,0.396,0.9062857148551614,0.13328160308727569
116,0.6,0.55,0.75,0.08,0.2602,0.6102,0.37,-28.351400820187894,-4.541298533372838,22.420312607671054,0.376,0.9070759525666373,0.11746117519634251
117,0.6,0.55,0.75,0.04,0.2638,0.6116,0.3626,-28.497133515691438,-4.357775557514664,22.733107036374427,0.39,0.9075667016844529,0.13686594711161068
118,0.6,0.55,0.75,0.02,0.2614,0.611,0.373,-27.8368986757874,-4.179930968816321,22.406112894350898,0.426,0.9054502245772664,0.14234082654448774
119,0.6,0.55,0.75,0.01,0.2534,0.6198,0.3732,-28.31321968567766,-4.33999868556173,22.426590021218942,0.402,0.9103722322950998,0.12584659569262127
120,0.6,0.55,0.8,0.15,0.2716,0.6082,0.3584,-28.103902908987234,-4.289573919128028,23.154385139494057,0.376,0.9073643858507828,0.13546795070452244
121,0.6,0.55,0.8,0.08,0.2678,0.6134,0.3628,-28.162114137834287,-4.437211951420787,22.364273460906656,0.382,0.9058397106565187,0.13859094439587996
122,0.6,0.55,0.8,0.04,0.265,0.6118,0.3668,-28.1737600814623,-4.376337785859486,22.0399597396704,0.4,0.9056813753312764,0.14088046998337647
123,0.6,0.55,0.8,0.02,0.2676,0.6098,0.3618,-28.02765884565039,-4.0518096171120686,22.78147457015924,0.378,0.9118630562597104,0.1460583933693981
124,0.6,0.55,0.8,0.01,0.256,0.6126,0.372,-28.016841447757027,-4.464260864386457,22.56641583378962,0.398,0.9071999687969872,0.11949552472284035
125,0.6,0.6,0.6,0.15,0.2676,0.6044,0.3628,-28.0003892383518,-4.042994637274415,22.824325362393406,0.394,0.9101103127081489,0.12507962814026846
126,0.6,0.6,0.6,0.08,0.2688,0.5992,0.372,-28.75448593187124,-4.035285251691862,22.792443870731177,0.416,0.9068461163039332,0.13435315592136735
127,0.6,0.6,0.6,0.04,0.2664,0.6004,0.3678,-27.86663173760489,-3.9184383747455733,23.118682607724207,0.38,0.9097683453849164,0.12421787335921944
128,0.6,0.6,0.6,0.02,0.265,0.6086,0.357,-28.22470237896676,-4.164505402615466,21.516661054557595,0.412,0.9048704446077886,0.12291784212665441
129,0.6,0.6,0.6,0.01,0.2632,0.611,0.3682,-28.147818764902247,-4.3558013754824465,22.232417952709827,0.38,0.9049297829747492,0.12801311413441188
130,0.6,0.6,0.65,0.15,0.2618,0.6116,0.3552,-28.2682627807061,-4.5414266017193405,21.752479744257787,0.39,0.9061100691471349,0.11327165099858942
131,0.6,0.6,0.65,0.08,0.2618,0.6132,0.3678,-28.799882662949436,-4.5503709432284545,22.338867337709868,0.408,0.9090294339770194,0.12968012088113218
132,0.6,0.6,0.65,0.04,0.2714,0.5948,0.3702,-27.61007292625592,-3.745270594296505,23.39167771256219,0.386,0.9094078573962986,0.14812809491863665
133,0.6,0.6,0.65,0.02,0.2528,0.6122,0.3668,-27.955539901498415,-4.437602312175102,22.227992646603163,0.366,0.9058993817804809,0.09863721098044069
134,0.6,0.6,0.65,0.01,0.2566,0.6148,0.3646,-28.769451669935656,-4.632610643144102,22.600935791226156,0.384,0.9108372603860659,0.11487862658655203
135,0.6,0.6,0.7,0.15,0.2624,0.609,0.368,-27.63207088116538,-4.341460184586023,22.9080972341357,0.394,0.908114107591939,0.1320273489367115
136,0.6,0.6,0.7,0.08,0.2458,0.6156,0.3822,-28.678743587216797,-4.384649508404126,22.425526613279384,0.39,0.9087249318614944,0.12316812699558666
137,0.6,0.6,0.7,0.04,0.2648,0.611,0.3566,-28.091980965958424,-4.487578632189829,22.684837694529154,0.378,0.9070248068086343,0.11799225168361845
138,0.6,0.6,0.7,0.02,0.2552,0.6142,0.3672,-27.89086079687451,-4.309826174867815,21.453812755759007,0.382,0.9052651039381816,0.11916041127685935
139,0.6,0.6,0.7,0.01,0.259,0.6182,0.37,-28.91443710664457,-4.481574226674938,22.056267588477734,0.404,0.905867215211915,0.12217878932230473
140,0.6,0.6,0.75,0.15,0.2598,0.6126,0.3734,-27.09193996788262,-4.21503847719342,22.83927648689085,0.36,0.9108985725533917,0.1328591480983852
141,0.6,0.6,0.75,0.08,0.2592,0.6032,0.3764,-27.802872066020786,-4.019749984082301,22.954851983514416,0.386,0.9084898525678077,0.1336291230832066
142,0.6,0.6,0.75,0.04,0.2606,0.6138,0.3608,-27.995943007524765,-4.415675413862067,22.874402001344112,0.382,0.90926807399656,0.1178236821331992
143,0.6,0.6,0.75,0.02,0.2662,0.6116,0.3612,-28.131621491025832,-4.071051101547253,22.769344761795836,0.376,0.9077260071957547,0.15123626323463096
144,0.6,0.6,0.75,0.01,0.2682,0.6026,0.3666,-27.760431555526193,-4.010724373165275,22.718817814971803,0.396,0.9080721407296682,0.12697553496167344
145,0.6,0.6,0.8,0.15,0.263,0.617,0.3624,-27.990337540754513,-4.291366655566627,22.101858936041616,0.372,0.9083402269767555,0.12779756636906847
146,0.6,0.6,0.8,0.08,0.2702,0.6078,0.354,-27.67551615210584,-4.4413956899113325,22.213199911814982,0.406,0.9078234132842703,0.11653789213070041
147,0.6,0.6,0.8,0.04,0.2542,0.615,0.3712,-27.744297319315596,-4.3795243795321195,22.891942351217853,0.412,0.9079881704938206,0.12323048363276694
148,0.6,0.6,0.8,0.02,0.2546,0.6112,0.3768,-28.02684833271105,-4.2687934323871914,22.822735474092795,0.384,0.9122599263304878,0.13244177868517668
149,0.6,0.6,0.8,0.01,0.2606,0.6086,0.3696,-28.028648138130166,-4.016377110695938,22.111261304580804,0.404,0.9060531101808511,0.11251965580798634
150,0.6,0.65,0.6,0.15,0.2746,0.5988,0.3616,-27.37334561838488,-4.169440193807655,22.673811799114617,0.398,0.9054474067417857,0.1286169520857333
151,0.6,0.65,0.6,0.08,0.2702,0.611,0.3572,-28.134935599296888,-4.422341600776796,22.150228957199403,0.408,0.9094362440332467,0.12379615729490705
152,0.6,0.65,0.6,0.04,0.2644,0.6,0.3576,-27.95056945952616,-3.5911067313296403,22.212749465172795,0.362,0.9032599765832309,0.11855214249963811
153,0.6,0.65,0.6,0.02,0.267,0.6088,0.3652,-28.068395903759622,-4.272002776189154,22.339515796217146,0.38,0.9085975182362946,0.11312503055078706
154,0.6,0.65,0.6,0.01,0.2704,0.5952,0.3642,-27.223707899600683,-3.7037186144360863,22.007861898550516,0.394,0.9043409790977465,0.12172703922998394
155,0.6,0.65,0.65,0.15,0.2644,0.6062,0.361,-28.00740073226854,-4.204862026743498,22.62946403590819,0.394,0.9063304867324842,0.1120267277972483
156,0.6,0.65,0.65,0.08,0.2674,0.6054,0.3654,-27.957401480063243,-4.300491720788571,22.979915598184533,0.366,0.9092883221586195,0.12107693992753943
157,0.6,0.65,0.65,0.04,0.256,0.6188,0.3682,-27.836325451694226,-4.671628815163783,22.97167417706069,0.408,0.9109600077940043,0.10386059049510293
158,0.6,0.65,0.65,0.02,0.2724,0.603,0.3614,-27.912764750682406,-4.421039389110741,22.52949202999282,0.392,0.9061468922985711,0.12650420673615415
159,0.6,0.65,0.65,0.01,0.252,0.6232,0.3752,-28.065389647113665,-4.46534945813444,23.111081214095954,0.414,0.9092374178124992,0.1335724865812689
160,0.6,0.65,0.7,0.15,0.2692,0.5962,0.3694,-28.38335900577413,-3.8626811987850553,22.554094461933406,0.374,0.9068608118820577,0.1249949305658587
161,0.6,0.65,0.7,0.08,0.2708,0.6076,0.3538,-27.709153588598063,-4.234510789221118,22.58131344240323,0.372,0.9084428070285092,0.13441819522420392
162,0.6,0.65,0.7,0.04,0.2678,0.6062,0.356,-28.229702750755827,-4.202263475997605,22.13284512075739,0.384,0.9079334536968353,0.13063036752744306
163,0.6,0.65,0.7,0.02,0.258,0.6136,0.373,-28.323267162481624,-4.431192964975077,21.05356693002879,0.398,0.9005362976241426,0.11639387347459498
164,0.6,0.65,0.7,0.01,0.2596,0.6044,0.371,-27.96179678618027,-4.184689444863395,22.079893124999916,0.386,0.9074483830331945,0.11563764322215227
165,0.6,0.65,0.75,0.15,0.2678,0.6064,0.3732,-27.48155587765127,-4.242982856802619,22.636475189999278,0.426,0.9107375119414336,0.15087718133993142
166,0.6,0.65,0.75,0.08,0.26,0.6078,0.372,-28.463083447424566,-4.4047479078633565,21.982253207239165,0.402,0.9052852460836485,0.11656708588202518
167,0.6,0.65,0.75,0.04,0.2716,0.6018,0.3694,-28.32591708388333,-4.224902378926021,22.739986651500335,0.408,0.9055530862137732,0.13225698047589463
168,0.6,0.65,0.75,0.02,0.257,0.6118,0.3734,-28.438205082994312,-4.121083650988661,22.803796577032507,0.408,0.9104954600904761,0.12462681927816223
169,0.6,0.65,0.75,0.01,0.2662,0.609,0.3648,-27.321780144204478,-4.106724437839057,22.894543581153528,0.424,0.9086602924202014,0.13309067045628492
170,0.6,0.65,0.8,0.15,0.262,0.6142,0.3624,-27.793027734596077,-4.718750384434631,22.50261881849232,0.382,0.9087011978340584,0.12648540736757657
171,0.6,0.65,0.8,0.08,0.2674,0.5968,0.377,-28.037236720654096,-3.874141041730449,22.616279186665736,0.412,0.9101132293810907,0.1537585701374325
172,0.6,0.65,0.8,0.04,0.2688,0.5956,0.3726,-27.265997415179285,-3.5420763731584017,23.09673521429794,0.368,0.9110015358582076,0.13354756216704236
173,0.6,0.65,0.8,0.02,0.2538,0.6182,0.3804,-27.861201978608648,-4.213419733423758,22.57216663583758,0.394,0.9077109687556227,0.1387305307767071
174,0.6,0.65,0.8,0.01,0.2672,0.6072,0.368,-28.21105290981076,-4.405829937823435,23.855469355444548,0.39,0.9107464365662844,0.14328214826429544
175,0.6,0.7,0.6,0.15,0.2568,0.6242,0.3598,-27.958079728703183,-4.813479731220827,21.14848861516484,0.378,0.9068549331025254,0.11325782321804252
176,0.6,0.7,0.6,0.08,0.2586,0.6118,0.3744,-28.95645601024942,-4.76215545958659,23.5182413564054,0.4,0.9091227123713307,0.12679998474197202
177,0.6,0.7,0.6,0.04,0.2646,0.6072,0.3658,-27.84175570725618,-4.131463510775186,22.163030447050527,0.378,0.9067765020820284,0.11873710956364815
178,0.6,0.7,0.6,0.02,0.2608,0.6132,0.372,-28.512128370720234,-4.434233121658172,23.60965918093883,0.412,0.9123734836902061,0.15423510264107113
179,0.6,0.7,0.6,0.01,0.2546,0.6196,0.3634,-28.171941654733462,-4.718218533354806,23.1399765704914,0.398,0.9088889738317653,0.1303862246254647
180,0.6,0.7,0.65,0.15,0.2686,0.6052,0.368,-28.63109433245177,-3.9516546342629786,21.800397527569537,0.402,0.9041517981847426,0.12560592081382177
181,0.6,0.7,0.65,0.08,0.2616,0.6114,0.3636,-28.186919290016334,-4.650573543107901,21.949483797538075,0.348,0.906082018197117,0.11537938119040708
182,0.6,0.7,0.65,0.04,0.265,0.6106,0.361,-27.630192706762152,-4.5813213234028485,22.412382096509035,0.378,0.9048652763748629,0.12519797042580227
183,0.6,0.7,0.65,0.02,0.2584,0.6134,0.3796,-28.664833870762756,-4.6434860767929855,22.03380729607624,0.418,0.9077776058202414,0.12089521961587484
184,0.6,0.7,0.65,0.01,0.2612,0.6114,0.3668,-28.758110692096377,-4.27405235297472,22.507975350792563,0.376,0.9061259993727976,0.11418478901806098
185,0.6,0.7,0.7,0.15,0.2578,0.6134,0.3626,-27.76422358681567,-4.488867858156083,22.67022114413936,0.406,0.9079513797768318,0.12539214265780643
186,0.6,0.7,0.7,0.08,0.2756,0.592,0.3698,-27.47151604192737,-3.5017331731677537,22.63903856081928,0.38,0.9081263639963433,0.12347554560217529
187,0.6,0.7,0.7,0.04,0.2544,0.6138,0.3788,-28.02147923152964,-4.476472022364686,22.501138298139438,0.384,0.9071968846023346,0.11241446199553426
188,0.6,0.7,0.7,0.02,0.263,0.6016,0.3762,-27.45851156998027,-4.07540888204058,22.77251675701034,0.444,0.9089752136180296,0.11683531914865557
189,0.6,0.7,0.7,0.01,0.2596,0.615,0.3694,-28.66463716144303,-4.415961452703293,23.0091592483969,0.394,0.9117231902632676,0.1346221914744122
190,0.6,0.7,0.75,0.15,0.2616,0.6094,0.3722,-28.183872510487255,-4.374233789468375,22.230120312093835,0.386,0.9076421418137826,0.12765113104349063
191,0.6,0.7,0.75,0.08,0.2622,0.6136,0.3634,-27.978792121818152,-4.627319883430278,22.295598180415535,0.358,0.9036098432773303,0.12047570691379385
192,0.6,0.7,0.75,0.04,0.2614,0.609,0.3744,-28.271189753342593,-4.3962253161894616,22.944294599554393,0.398,0.9086262766048483,0.13231858897395543
193,0.6,0.7,0.75,0.02,0.2676,0.612,0.3676,-27.850465666655122,-4.4391566208026445,22.92266190177052,0.406,0.9117808672352382,0.14698940048491513
194,0.6,0.7,0.75,0.01,0.2712,0.6092,0.3582,-27.960394102982757,-4.515880456524469,21.65208128048597,0.384,0.9068208051941475,0.13981101792419548
195,0.6,0.7,0.8,0.15,0.263,0.6108,0.3598,-27.86669892239697,-4.50451134745236,22.91454583651364,0.362,0.9118796809813418,0.12410740475748377
196,0.6,0.7,0.8,0.08,0.2708,0.607,0.3608,-28.290098678965958,-4.058174019205565,21.937330728574768,0.382,0.906765065852027,0.13590399030763015
197,0.6,0.7,0.8,0.04,0.2704,0.6062,0.3636,-27.352290340589043,-4.367987735815363,21.941443865920398,0.46,0.9078692793381958,0.12272855366310186
198,0.6,0.7,0.8,0.02,0.2656,0.6052,0.3664,-27.62554621360942,-4.004048318436307,22.321718036467665,0.404,0.9037758043141607,0.13163439154091103
199,0.6,0.7,0.8,0.01,0.2652,0.6074,0.3654,-28.067955038995663,-4.598334708953912,22.910548188979547,0.374,0.91008495690737,0.1077965054055284
200,0.65,0.55,0.6,0.15,0.2702,0.6048,0.3552,-28.18960863785159,-4.33981656937091,22.1072651711228,0.368,0.9074267841087238,0.12215796307764298
201,0.65,0.55,0.6,0.08,0.2688,0.6068,0.3642,-28.085734896198495,-4.163804311394092,22.463145799991725,0.394,0.9093776676120815,0.13121068373170794
202,0.65,0.55,0.6,0.04,0.2604,0.6136,0.3754,-27.974178599240698,-4.429021063605227,23.03068453728055,0.402,0.9106939290558732,0.12465690201713295
203,0.65,0.55,0.6,0.02,0.2652,0.606,0.3742,-28.423592680631543,-4.063455233207412,21.906585348900506,0.444,0.9070720212646649,0.13061949864606526
204,0.65,0.55,0.6,0.01,0.26,0.6112,0.3734,-27.682674832147974,-4.06855364655639,22.721708620695516,0.416,0.9093659754991155,0.11656206475118959
205,0.65,0.55,0.65,0.15,0.2596,0.6128,0.3668,-27.85460341178795,-4.102317404623246,22.21924768396317,0.418,0.9076392683309528,0.1254341755557446
206,0.65,0.55,0.65,0.08,0.2614,0.6112,0.3672,-27.669803079015093,-4.154738956950332,21.67593331319347,0.406,0.9024145605847249,0.13231296294638198
207,0.65,0.55,0.65,0.04,0.2666,0.5986,0.3588,-27.852511790273123,-3.764043951821714,22.74924926628219,0.374,0.9057918387753909,0.10071670455507846
208,0.65,0.55,0.65,0.02,0.2544,0.6102,0.378,-28.12989354788819,-4.617542589148683,23.347479135906696,0.394,0.9073947013936638,0.1279131890089743
209,0.65,0.55,0.65,0.01,0.2564,0.6236,0.377,-27.976308791319486,-4.640678023965707,22.642146389914807,0.378,0.9084547821689738,0.13836888002676798
210,0.65,0.55,0.7,0.15,0.262,0.6064,0.3702,-27.5128408800715,-3.9516282960893205,22.815553186348676,0.392,0.9072899262144257,0.13899841634427706
211,0.65,0.55,0.7,0.08,0.2694,0.6028,0.3644,-27.819326406848894,-4.12679508836832,22.672077603654472,0.382,0.9066026866915561,0.12236256574028594
212,0.65,0.55,0.7,0.04,0.2594,0.612,0.375,-28.275439236261185,-4.527586298856123,21.987520738258457,0.396,0.9085223191969938,0.12780099246057694
213,0.65,0.55,0.7,0.02,0.2654,0.6036,0.3674,-27.279170739417754,-4.092043146973699,22.417130215574627,0.384,0.9060910256771967,0.12438684501626726
214,0.65,0.55,0.7,0.01,0.2606,0.6152,0.364,-27.77698053256058,-4.365382160820675,22.419312236002085,0.442,0.908555435843153,0.1254288775723193
215,0.65,0.55,0.75,0.15,0.2656,0.6126,0.358,-28.15169465090942,-4.725216472660125,22.51992216031558,0.386,0.9096012479031141,0.12869174478849366
216,0.65,0.55,0.75,0.08,0.2706,0.5918,0.372,-28.31238932557589,-3.733021904026258,22.426786316697243,0.368,0.9083788988870383,0.12404612265044672
217,0.65,0.55,0.75,0.04,0.2632,0.6136,0.3596,-27.730545818852317,-4.318569290900615,22.456070106088326,0.364,0.9062189017818516,0.1272436077315552
218,0.65,0.55,0.75,0.02,0.2614,0.61,0.366,-28.30245612153104,-4.260057847024854,21.904160268950204,0.376,0.9046987489677695,0.12328780565061183
219,0.65,0.55,0.75,0.01,0.2528,0.6138,0.3758,-27.700682446240048,-4.578137114664667,22.31091545722679,0.402,0.9063521511827158,0.12235744573693157
220,0.65,0.55,0.8,0.15,0.258,0.6178,0.3578,-28.053443449196962,-4.421159270563561,22.553688522615218,0.386,0.9062490629964657,0.11449473992373806
221,0.65,0.55,0.8,0.08,0.2664,0.6058,0.367,-27.974720011665365,-4.499139288984601,22.681530243256706,0.416,0.9108153765043034,0.11384532562718087
222,0.65,0.55,0.8,0.04,0.2594,0.6154,0.3604,-28.4943295384189,-4.567948074096108,22.8077114242523,0.408,0.9099931690234462,0.10988839126182653
223,0.65,0.55,0.8,0.02,0.2742,0.5968,0.3688,-27.635631428948738,-3.784611311070426,22.58232248908847,0.368,0.9090585367315337,0.142988237706934
224,0.65,0.55,0.8,0.01,0.2678,0.5972,0.3718,-28.090445987115395,-3.9538653960206886,22.95738354434011,0.404,0.9098446117516602,0.13516021355615562
225,0.65,0.6,0.6,0.15,0.2664,0.611,0.3652,-28.705306378862467,-4.459598909995201,22.738272873825068,0.392,0.9089294965221419,0.11532279322830795
226,0.65,0.6,0.6,0.08,0.2716,0.6046,0.3696,-28.70846749963783,-4.121049777224419,23.149132531279196,0.39,0.9084327184664218,0.14265246004165333
227,0.65,0.6,0.6,0.04,0.2682,0.5988,0.3696,-27.25342984507869,-3.677148667678997,22.082318419061025,0.356,0.904159660295202,0.11053644407550511
228,0.65,0.6,0.6,0.02,0.2488,0.6224,0.3712,-28.30084333122417,-4.577389480647948,22.99644646365093,0.41,0.9086003660199864,0.12300408693396939
229,0.65,0.6,0.6,0.01,0.2704,0.6092,0.3536,-28.323122769820774,-4.195340585491355,23.012829198704353,0.392,0.9104089163449166,0.13101254670884369
230,0.65,0.6,0.65,0.15,0.2624,0.6106,0.374,-27.39713190092842,-4.385781331258391,23.269311109051966,0.428,0.9078770193444978,0.13269233533160382
231,0.65,0.6,0.65,0.08,0.2644,0.607,0.3688,-29.026827578193288,-3.928804226379163,22.72301272189072,0.404,0.9085120761429936,0.12912881029143247
232,0.65,0.6,0.65,0.04,0.2746,0.5956,0.369,-27.768467262177186,-3.9326927005251324,22.662429244077018,0.418,0.9080244875769149,0.1458121738746935
233,0.65,0.6,0.65,0.02,0.2632,0.6134,0.361,-28.094530599076045,-4.3295084788517775,22.016210269827518,0.394,0.9064090149518648,0.13183472923955228
234,0.65,0.6,0.65,0.01,0.2582,0.6134,0.3666,-28.155552741901786,-4.645004692197537,22.597400559602136,0.382,0.9083106596887432,0.10818886168834478
235,0.65,0.6,0.7,0.15,0.2644,0.607,0.3646,-28.595976477910902,-4.201146796750789,22.063059346192723,0.37,0.9084771060050695,0.1267938436848743
236,0.65,0.6,0.7,0.08,0.2624,0.6098,0.3728,-28.16254653141963,-4.109912476874754,23.299255337823762,0.378,0.9114006493260371,0.12124909133107269
237,0.65,0.6,0.7,0.04,0.2586,0.6118,0.3738,-27.238732723891857,-4.405323895400711,22.669315894684967,0.388,0.9089097252367176,0.13681402005272597
238,0.65,0.6,0.7,0.02,0.255,0.62,0.3754,-28.663372067880026,-4.392586151940624,21.652260939032782,0.424,0.9047452669178547,0.10873777975534328
239,0.65,0.6,0.7,0.01,0.2578,0.6156,0.3576,-27.757549952818643,-4.624882697205063,22.389381851499927,0.384,0.9060261444887352,0.11266096544810841
240,0.65,0.6,0.75,0.15,0.272,0.599,0.3636,-28.043644052198864,-3.9887266444664533,21.713459728792298,0.382,0.9034257579565931,0.13501280991912748
241,0.65,0.6,0.75,0.08,0.2564,0.6168,0.3662,-27.628554437052635,-4.202200760013522,21.309843320971993,0.424,0.9048822215697995,0.10896585822818056
242,0.65,0.6,0.75,0.04,0.2662,0.6088,0.3602,-27.844105767852323,-4.249334620855853,22.29594118090376,0.332,0.9070127584553264,0.12012588162392547
243,0.65,0.6,0.75,0.02,0.2622,0.6142,0.3636,-27.467249123496007,-4.366000242637092,22.101147509108294,0.392,0.9074345941027193,0.12662818579080298
244,0.65,0.6,0.75,0.01,0.2716,0.6068,0.3608,-28.185555413466926,-3.975523050978696,22.35880805027779,0.374,0.9067635642689744,0.13918131496759004
245,0.65,0.6,0.8,0.15,0.2658,0.6018,0.3676,-28.727061120634072,-3.9977412475300422,22.87938635335663,0.376,0.9130438037238215,0.13050381419532167
246,0.65,0.6,0.8,0.08,0.2588,0.6144,0.3656,-28.01575799899846,-4.6907879726428625,22.298765293905937,0.394,0.9089537094595777,0.1221863638546163
247,0.65,0.6,0.8,0.04,0.2528,0.6088,0.3816,-27.933976840876003,-4.374568273991759,22.43730131543682,0.394,0.9028803794998626,0.1068071146686539
248,0.65,0.6,0.8,0.02,0.2672,0.603,0.3728,-27.227807459363486,-4.3271826114651635,22.44879732800929,0.434,0.9120546973583984,0.1507473254481472
249,0.65,0.6,0.8,0.01,0.2712,0.6076,0.3556,-27.980093936656036,-4.258699042776406,22.720278620029696,0.406,0.906526350256352,0.13338529538829985
250,0.65,0.65,0.6,0.15,0.2632,0.614,0.361,-28.342262363443194,-4.453642585391943,21.974066914912704,0.412,0.9035925348494175,0.1267130604566077
251,0.65,0.65,0.6,0.08,0.26,0.6112,0.362,-28.182139065776653,-4.268118354769209,22.55315804979404,0.376,0.9060136189657658,0.12536611227105993
252,0.65,0.65,0.6,0.04,0.2686,0.6054,0.3644,-27.830109103033617,-4.197177796577438,22.47779891868768,0.364,0.9069471191710261,0.13317056911078162
253,0.65,0.65,0.6,0.02,0.2584,0.6146,0.3744,-27.807596446560435,-4.318200391811342,22.862594377065797,0.446,0.9078891814185376,0.12140245962395484
254,0.65,0.65,0.6,0.01,0.2678,0.6018,0.3672,-27.670992862748587,-4.208085621448705,22.120723189650207,0.39,0.9058716035900141,0.11699025849523256
255,0.65,0.65,0.65,0.15,0.2702,0.6006,0.3744,-27.53696061831298,-4.068611222494891,22.739244794319934,0.398,0.9086167659099165,0.13546379680193293
256,0.65,0.65,0.65,0.08,0.2564,0.6142,0.366,-27.033464697962902,-4.108846996214945,22.924564848257464,0.348,0.909290846254839,0.12087182235909862
257,0.65,0.65,0.65,0.04,0.2654,0.6074,0.3694,-28.35008840074992,-4.241047649157387,22.225682327650517,0.386,0.9063167474704245,0.14038527277544097
258,0.65,0.65,0.65,0.02,0.2634,0.6168,0.358,-28.67212556807312,-4.2941596366872785,23.088760300519326,0.416,0.9084804847575727,0.13725438724645808
259,0.65,0.65,0.65,0.01,0.263,0.615,0.3636,-28.074364252537205,-4.585636480866812,22.387009636751227,0.414,0.9057675802307994,0.1331485089776706
260,0.65,0.65,0.7,0.15,0.2692,0.5906,0.3772,-27.23319944537238,-3.8171135364152553,22.022348655124915,0.394,0.905412335685213,0.12718878798593908
261,0.65,0.65,0.7,0.08,0.2552,0.6156,0.3694,-27.966323292185383,-4.498226517343099,21.923531355199707,0.388,0.9067085219461046,0.11574476715138068
262,0.65,0.65,0.7,0.04,0.2578,0.6088,0.379,-28.071141162872145,-4.294420539568819,21.49276759696655,0.392,0.90318481148447,0.13659428630434628
263,0.65,0.65,0.7,0.02,0.269,0.6028,0.3588,-27.788740918163892,-4.032790745957792,23.116739819641193,0.364,0.9081979093649953,0.12450775305909374
264,0.65,0.65,0.7,0.01,0.2592,0.6118,0.3734,-27.471559366785858,-4.242750981711685,22.27835631441957,0.414,0.906014515722429,0.14776162359546816
265,0.65,0.65,0.75,0.15,0.2568,0.6158,0.3664,-28.518977588371193,-4.550747130556616,21.886824312475923,0.364,0.9062217585862887,0.12367443977621846
266,0.65,0.65,0.75,0.08,0.2572,0.6178,0.3726,-27.666727673380098,-4.277861091103252,22.210303364535616,0.372,0.9090980306781326,0.1280674028829576
267,0.65,0.65,0.75,0.04,0.269,0.6084,0.359,-27.784571235247657,-4.230994385956419,22.58342460533839,0.412,0.9097430097102275,0.127294569656273
268,0.65,0.65,0.75,0.02,0.2512,0.6204,0.3648,-27.798501937915294,-4.670619151075036,22.536675815246813,0.392,0.9075722325212549,0.09471645856493277
269,0.65,0.65,0.75,0.01,0.2778,0.5974,0.3656,-27.177547396786135,-3.715337621581363,22.803492530425736,0.4,0.9077065094615576,0.14537438291039942
270,0.65,0.65,0.8,0.15,0.2564,0.6228,0.3606,-28.324692815854903,-4.388356460746982,22.26466642195914,0.374,0.9072307591789779,0.14352239751608495
271,0.65,0.65,0.8,0.08,0.265,0.6102,0.3658,-28.028062924009042,-4.122613635340292,23.03495524091588,0.416,0.9120665473219846,0.14431313366197754
272,0.65,0.65,0.8,0.04,0.2552,0.6134,0.3686,-28.218108669075356,-4.331479284636063,21.9555249423479,0.404,0.9097747238049906,0.12020832463373128
273,0.65,0.65,0.8,0.02,0.2616,0.6136,0.3702,-28.59709525561699,-4.373747243845921,22.33983266105494,0.394,0.9092820684955988,0.12533520762866196
274,0.65,0.65,0.8,0.01,0.2554,0.6102,0.3744,-28.137245145392345,-4.005532416250628,21.65841324597854,0.418,0.9057757961828158,0.1160998209894352
275,0.65,0.7,0.6,0.15,0.2658,0.6152,0.358,-28.543920890409556,-4.488633877557161,21.884385124887345,0.382,0.9042117390939332,0.143161846534061
276,0.65,0.7,0.6,0.08,0.2768,0.5948,0.3626,-27.61793062182,-3.6686867314053373,23.09300917816925,0.396,0.908737413039526,0.12995046072278235
277,0.65,0.7,0.6,0.04,0.2534,0.6072,0.371,-27.42120945135819,-4.152066530610801,22.937026943925094,0.412,0.9079534240129126,0.10805521365238589
278,0.65,0.7,0.6,0.02,0.249,0.6246,0.3716,-28.256948464377857,-4.692103102724587,22.098127900309418,0.368,0.9071191167900764,0.11526100086626624
279,0.65,0.7,0.6,0.01,0.2596,0.6072,0.3812,-28.127952644162768,-4.32650953299491,22.75031979152031,0.422,0.9068024718037109,0.11563395684144807
280,0.65,0.7,0.65,0.15,0.2682,0.6124,0.359,-27.98621144736038,-4.364231832169135,21.80818111301216,0.388,0.9048434704615623,0.12269893502434055
281,0.65,0.7,0.65,0.08,0.2554,0.6184,0.3736,-27.95739162420771,-4.376703084487627,22.257131165914846,0.396,0.9056123610085514,0.14785969348423186
282,0.65,0.7,0.65,0.04,0.2686,0.6052,0.3666,-27.924744475852474,-4.3917823698254495,21.845829790797264,0.39,0.9083087471753795,0.13392018038950176
283,0.65,0.7,0.65,0.02,0.2584,0.6084,0.3816,-27.587747487422178,-4.499822472902993,22.900499702461584,0.402,0.9098068330106712,0.13908480158504077
284,0.65,0.7,0.65,0.01,0.2554,0.611,0.3748,-27.836558563177604,-4.19452030952251,22.165147941578837,0.388,0.9072992260269859,0.1265427282995117
285,0.65,0.7,0.7,0.15,0.2682,0.6008,0.3754,-27.91015732114051,-3.8756676624540285,22.489267431673024,0.414,0.908402197734926,0.1271538170156569
286,0.65,0.7,0.7,0.08,0.2744,0.5908,0.3694,-28.30770079634813,-3.6516955442275827,22.410092380918503,0.382,0.9049040684065989,0.12981292426297666
287,0.65,0.7,0.7,0.04,0.2624,0.6166,0.3582,-29.034101010000096,-4.396674173167416,22.726817511963613,0.388,0.9072057667051996,0.11268092650777929
288,0.65,0.7,0.7,0.02,0.2594,0.622,0.3662,-28.594149327619668,-4.69723093430804,23.066978109746493,0.386,0.9101293366259395,0.12964427033563117
289,0.65,0.7,0.7,0.01,0.2654,0.6046,0.3752,-28.914588318388926,-4.152918282485292,21.560553036406294,0.412,0.9055990295646994,0.12726099769009458
290,0.65,0.7,0.75,0.15,0.2564,0.6112,0.3674,-27.77870330613009,-4.248613090840221,21.802338557666285,0.38,0.904816567798195,0.1111648930656033
291,0.65,0.7,0.75,0.08,0.2624,0.607,0.3746,-27.93957388863817,-4.064206754391805,21.946015968965,0.404,0.9050812735524816,0.12723702809411824
292,0.65,0.7,0.75,0.04,0.2694,0.6082,0.3638,-28.10061271922218,-4.103403451213769,22.01286419126052,0.428,0.9052554981599081,0.13213438919030293
293,0.65,0.7,0.75,0.02,0.2612,0.6034,0.3624,-28.2169336762159,-4.157803776800568,23.241710971846224,0.39,0.9105992651059618,0.10615296122040631
294,0.65,0.7,0.75,0.01,0.2642,0.6106,0.3618,-28.06816192626943,-4.490617722451867,22.704800003131492,0.376,0.9059264680809807,0.1024052403535849
295,0.65,0.7,0.8,0.15,0.2648,0.6038,0.3598,-27.864812903693608,-3.9773132013600123,23.196307095188327,0.39,0.9074883266826007,0.10763147692227909
296,0.65,0.7,0.8,0.08,0.2564,0.6104,0.3762,-27.640837017852785,-4.479136948808678,22.640258389898708,0.376,0.9078281625028347,0.12249862643172969
297,0.65,0.7,0.8,0.04,0.2618,0.6088,0.359,-27.774884272805913,-4.331338347862294,22.384679559757828,0.368,0.9068011327886798,0.11810727667025654
298,0.65,0.7,0.8,0.02,0.2648,0.6174,0.3638,-27.940688284356614,-4.480461350581599,22.173750413314906,0.37,0.9102265860113081,0.13714558815269434
299,0.65,0.7,0.8,0.01,0.258,0.6126,0.365,-27.83459346925938,-4.316797364380941,22.5975629586345,0.39,0.9085943862404655,0.12388282276426948
300,0.7,0.55,0.6,0.15,0.2562,0.6144,0.3698,-27.93427662729926,-4.424891823792571,22.57235981667488,0.394,0.9085049127601197,0.11123929262104114
301,0.7,0.55,0.6,0.08,0.2604,0.6176,0.3736,-28.500458171435074,-4.453886008590011,22.005270062317067,0.416,0.9029697350961193,0.1269121723404165
302,0.7,0.55,0.6,0.04,0.264,0.6072,0.3654,-27.486407080665625,-4.172023784890456,21.670397979407987,0.418,0.9059376905596912,0.11011594104284024
303,0.7,0.55,0.6,0.02,0.2732,0.6056,0.3644,-27.483600836743534,-4.166020986137992,22.659184913322992,0.408,0.9084180748379218,0.1427050591679316
304,0.7,0.55,0.6,0.01,0.2534,0.6216,0.3708,-27.80681510590728,-4.84707031077631,21.93321880010332,0.42,0.9075061747162033,0.12072832038893883
305,0.7,0.55,0.65,0.15,0.2616,0.61,0.3618,-28.17406261898958,-4.360010237498081,22.796040317505597,0.372,0.9061690335670262,0.119975775257836
306,0.7,0.55,0.65,0.08,0.2622,0.6072,0.3762,-27.853401991255428,-4.082661887487923,21.63242928155647,0.41,0.905340625713262,0.1279186135326924
307,0.7,0.55,0.65,0.04,0.2638,0.6112,0.362,-27.822954233153034,-4.2744045799985475,21.626775452695057,0.402,0.9070310317698664,0.10434222557956088
308,0.7,0.55,0.65,0.02,0.2556,0.607,0.3758,-27.9681241152415,-4.318538613335666,21.473282453997218,0.404,0.9035383890339295,0.10655773549745222
309,0.7,0.55,0.65,0.01,0.2558,0.6194,0.3742,-28.57433272385903,-4.73236032189116,20.93664841141372,0.404,0.9037834522594712,0.10088799146298624
310,0.7,0.55,0.7,0.15,0.264,0.6128,0.362,-28.17508432792785,-4.30416016158432,22.7439854090945,0.396,0.9054311208357999,0.1341142560690006
311,0.7,0.55,0.7,0.08,0.2682,0.6022,0.3598,-28.378228549731954,-4.0150934044413376,22.586166025099747,0.394,0.9066430321817336,0.1380672098371999
312,0.7,0.55,0.7,0.04,0.2618,0.6166,0.3606,-28.331154433062455,-4.448811311295374,22.824078697577534,0.402,0.9089310221271126,0.11991018973682555
313,0.7,0.55,0.7,0.02,0.2744,0.6012,0.3632,-27.05434699878176,-4.004050400167074,22.105377952365927,0.402,0.9115905488201156,0.14796376947905637
314,0.7,0.55,0.7,0.01,0.271,0.598,0.3662,-27.93696025020081,-3.8922092406865727,22.222292384327808,0.396,0.9086965551031138,0.1350935154154503
315,0.7,0.55,0.75,0.15,0.2658,0.603,0.3598,-27.93201105079475,-4.2653087299160966,22.4007780677691,0.35,0.9081628329526307,0.10304267137892795
316,0.7,0.55,0.75,0.08,0.2658,0.599,0.374,-27.691161228215712,-3.9940455700212687,22.820386644132846,0.406,0.9073862804340107,0.1156925239795235
317,0.7,0.55,0.75,0.04,0.263,0.6088,0.3694,-27.5256208454418,-4.460496599168355,22.365557526791406,0.414,0.9077932881480514,0.12620279929252748
318,0.7,0.55,0.75,0.02,0.2682,0.6042,0.3636,-27.730988960885007,-4.155401638921081,22.048854416105424,0.418,0.908150436882567,0.11843376300451129
319,0.7,0.55,0.75,0.01,0.259,0.6154,0.3674,-28.72989620039497,-4.592268409862153,21.31854113801159,0.386,0.9038233125953091,0.13096470968080615
320,0.7,0.55,0.8,0.15,0.2684,0.5996,0.3638,-28.527092339526348,-4.026274470024594,23.131091780452945,0.382,0.9105083377427421,0.11683998256764827
321,0.7,0.55,0.8,0.08,0.2626,0.6104,0.3664,-28.151177531419123,-4.2092347343583,21.36199422280877,0.374,0.9053638423758696,0.13072785738189063
322,0.7,0.55,0.8,0.04,0.2634,0.6102,0.3694,-27.65667405085982,-4.0592396994595665,21.878528522605194,0.392,0.9060802384923956,0.1302243616530024
323,0.7,0.55,0.8,0.02,0.2602,0.6066,0.3702,-27.574198000782022,-4.207717064333663,22.99305539910075,0.414,0.9097935500769574,0.11368348450072259
324,0.7,0.55,0.8,0.01,0.272,0.606,0.3516,-28.146764034422578,-4.043308951265057,23.243405000919008,0.396,0.9121256110818873,0.13834613546089172
325,0.7,0.6,0.6,0.15,0.2678,0.6048,0.368,-28.168438628287856,-4.109111579127735,21.783934936883767,0.416,0.9067348704010042,0.107799554074947
326,0.7,0.6,0.6,0.08,0.2472,0.6274,0.3722,-28.121851905198152,-4.650972267887659,22.487814733741473,0.396,0.9094747499644318,0.14811000806031496
327,0.7,0.6,0.6,0.04,0.2648,0.601,0.3638,-27.595059390934413,-4.007785902009708,22.602906617675004,0.368,0.908892572098111,0.10062985936318886
328,0.7,0.6,0.6,0.02,0.261,0.608,0.3642,-28.304809764660284,-4.209980986507616,22.459512057068803,0.376,0.9074623602736244,0.10792777721151017
329,0.7,0.6,0.6,0.01,0.2568,0.6156,0.3746,-27.551369300260557,-4.306700781250266,22.4706458965611,0.412,0.9087152767754286,0.13464686644307822
330,0.7,0.6,0.65,0.15,0.2688,0.6068,0.364,-28.128371909200002,-4.175302121236323,21.866433611126954,0.382,0.9047707571365686,0.13399446828419398
331,0.7,0.6,0.65,0.08,0.2742,0.6052,0.3542,-28.80333607373324,-4.036666075658561,22.83452423770357,0.394,0.909573543992191,0.13785764574332363
332,0.7,0.6,0.65,0.04,0.2586,0.609,0.377,-27.42742235206484,-4.455224490922254,22.10281061986582,0.408,0.9068210079741255,0.1277784103158645
333,0.7,0.6,0.65,0.02,0.2676,0.6,0.3684,-28.13725003581699,-3.9484414117334956,23.33764313115403,0.378,0.9088981690610121,0.13101156474337225
334,0.7,0.6,0.65,0.01,0.2696,0.5998,0.3726,-28.366636496464885,-3.5982325006229807,22.615849314014906,0.404,0.9076784694866277,0.12254590649321674
335,0.7,0.6,0.7,0.15,0.2612,0.5996,0.3742,-27.858821174961214,-3.800272103660093,22.51268414494797,0.398,0.9040780428741589,0.10739657044940636
336,0.7,0.6,0.7,0.08,0.2664,0.5998,0.368,-28.08437513283154,-4.1580288003211106,22.88617409063542,0.4,0.9109187049367223,0.12088513710036031
337,0.7,0.6,0.7,0.04,0.2668,0.61,0.3574,-27.38864024340689,-4.282144339871001,22.112843547210108,0.396,0.9050481635065256,0.11804323542813613
338,0.7,0.6,0.7,0.02,0.2596,0.6212,0.3726,-27.75820867598631,-4.741501604431607,22.081868432112405,0.398,0.9059592818486063,0.13533045200843502
339,0.7,0.6,0.7,0.01,0.2652,0.6046,0.365,-27.825790923130633,-4.077960698834979,22.29785723907266,0.386,0.9068875958744465,0.11519124917894415
340,0.7,0.6,0.75,0.15,0.2566,0.6058,0.368,-28.20994071321639,-4.156778935684088,21.883789957088847,0.352,0.9083071208175434,0.11372034146674999
341,0.7,0.6,0.75,0.08,0.2696,0.5978,0.372,-27.192872265274968,-3.6744736407669993,23.03951520994479,0.402,0.9088624316729705,0.13267799679199407
342,0.7,0.6,0.75,0.04,0.2656,0.6058,0.3604,-28.91685316828798,-4.58695657780676,22.251636178550513,0.348,0.9072928694623613,0.12457538043118457
343,0.7,0.6,0.75,0.02,0.261,0.6042,0.374,-27.763273051428623,-3.8596877734963293,22.459514218240408,0.432,0.9080881259436893,0.13008802423340646
344,0.7,0.6,0.75,0.01,0.2502,0.6238,0.3648,-27.831647872887107,-4.819913586132925,21.7888377935899,0.386,0.9052578146235108,0.11087130404335767
345,0.7,0.6,0.8,0.15,0.2714,0.615,0.3618,-28.32012855266977,-4.688421197065473,22.412737629386434,0.428,0.9093791299849152,0.13178638078189878
346,0.7,0.6,0.8,0.08,0.2744,0.6066,0.3658,-28.63602766271413,-4.317786533079954,22.429804517685092,0.396,0.9080785922147807,0.14938478865976687
347,0.7,0.6,0.8,0.04,0.2658,0.611,0.3678,-28.16410749909967,-4.262374557254542,22.929428544548443,0.384,0.909787049907849,0.12413977082670534
348,0.7,0.6,0.8,0.02,0.262,0.6072,0.3632,-27.5680675584707,-4.251738522265991,22.74217367485125,0.382,0.9093525692722273,0.12327851812749935
349,0.7,0.6,0.8,0.01,0.2664,0.6172,0.358,-28.005219994125916,-4.586506007833433,23.164203879476013,0.404,0.9106094007791112,0.13331967975476505
350,0.7,0.65,0.6,0.15,0.2584,0.6102,0.3714,-28.62124270094814,-4.2684912626389275,21.757425912100633,0.38,0.9076381885839252,0.1080720623779728
351,0.7,0.65,0.6,0.08,0.2588,0.6112,0.372,-28.665555941920925,-4.477515031241844,22.09087571795313,0.4,0.9040035113706802,0.14620982396946608
352,0.7,0.65,0.6,0.04,0.2544,0.6136,0.3784,-28.22543173488857,-4.153916445597764,21.986488639748803,0.396,0.9045894159545281,0.10562298499625784
353,0.7,0.65,0.6,0.02,0.2698,0.607,0.3644,-27.52916590721469,-4.186366564069372,22.040465513507456,0.41,0.9066130662926315,0.14149204073171345
354,0.7,0.65,0.6,0.01,0.2744,0.6072,0.355,-28.166260219222874,-4.178463809571685,22.091212422799487,0.388,0.9052514386498249,0.1214651378757922
355,0.7,0.65,0.65,0.15,0.273,0.5926,0.36,-27.773673814468882,-3.5656386683054007,22.697453704559937,0.38,0.909506510396045,0.125888320908884
356,0.7,0.65,0.65,0.08,0.2554,0.6162,0.3674,-27.54986933799723,-4.301194970793544,22.064412924210608,0.388,0.9060788293038693,0.11318081182300355
357,0.7,0.65,0.65,0.04,0.2598,0.6056,0.3748,-27.500274937351314,-4.327688554506281,21.410257806503875,0.39,0.9037704671757313,0.10036369430031442
358,0.7,0.65,0.65,0.02,0.2692,0.6072,0.3666,-27.724382979344476,-4.029794588259659,21.5551368940366,0.4,0.9064754165060672,0.14361628055180925
359,0.7,0.65,0.65,0.01,0.2624,0.6102,0.374,-28.203414103741938,-4.243326293222299,21.63205227054165,0.432,0.9058683772513865,0.13377818724429555
360,0.7,0.65,0.7,0.15,0.2576,0.615,0.363,-27.65958995710686,-4.464313341027788,21.73072276390062,0.398,0.9036281369915234,0.1232854231475234
361,0.7,0.65,0.7,0.08,0.2618,0.6112,0.358,-28.048259082779406,-4.377624722328785,22.987329857243967,0.402,0.9094977815647536,0.11906960624292422
362,0.7,0.65,0.7,0.04,0.258,0.6114,0.3824,-27.48949914339042,-4.249348990900698,21.848191055542816,0.454,0.9046958928400787,0.12896653915615788
363,0.7,0.65,0.7,0.02,0.2618,0.6122,0.3744,-27.448073134472818,-4.141148861376159,22.573907311238088,0.404,0.9088809839777038,0.1639000148427472
364,0.7,0.65,0.7,0.01,0.266,0.6038,0.3698,-28.008306522340785,-4.14474363612241,22.34522311319392,0.392,0.9054962331823008,0.10967661909414593
365,0.7,0.65,0.75,0.15,0.2674,0.6096,0.3662,-28.428052628281502,-4.010489760751382,22.135953467381803,0.402,0.9067030971612985,0.12294339035434776
366,0.7,0.65,0.75,0.08,0.253,0.6176,0.3784,-29.129546096106214,-4.378755414613326,21.6992790701743,0.402,0.9055340751887643,0.12195695340271308
367,0.7,0.65,0.75,0.04,0.2542,0.6096,0.385,-27.111871466101647,-4.121558351989204,22.18846674005564,0.416,0.9037506821956285,0.12818776904581294
368,0.7,0.65,0.75,0.02,0.2658,0.6094,0.3668,-28.53703589712164,-3.954472505192923,21.88936666277332,0.392,0.9028663657574274,0.10850477180073717
369,0.7,0.65,0.75,0.01,0.2656,0.5996,0.3728,-27.67320537489348,-4.038455761157039,22.659840906741533,0.402,0.9071343408180881,0.1102926764362185
370,0.7,0.65,0.8,0.15,0.263,0.6066,0.3544,-27.887568451826336,-3.792812868098126,22.555894964690765,0.378,0.9114155615039222,0.10993377782603635
371,0.7,0.65,0.8,0.08,0.2642,0.6116,0.3696,-28.164449316047126,-4.314750680061009,22.192007698813775,0.408,0.9062260387564245,0.13193223601928472
372,0.7,0.65,0.8,0.04,0.2712,0.5988,0.364,-27.547897059095035,-3.9670826730083233,22.71122791145731,0.404,0.9075368360460472,0.1445918421234051
373,0.7,0.65,0.8,0.02,0.2752,0.603,0.3636,-27.382929406283623,-3.722003725690095,22.61747695312064,0.368,0.9116600779454093,0.12963365910897523
374,0.7,0.65,0.8,0.01,0.2754,0.5982,0.3612,-28.305138323317586,-4.0503692637614,22.677599336169163,0.402,0.909573875914171,0.13275568285892234
375,0.7,0.7,0.6,0.15,0.2604,0.6094,0.3678,-27.57040298722337,-4.181326599333195,22.50687558426199,0.358,0.9042050507613567,0.13546303418557024
376,0.7,0.7,0.6,0.08,0.257,0.6242,0.3624,-27.931343046692195,-4.6816762930572775,22.499660305184815,0.402,0.90852742067349,0.11731927378632176
377,0.7,0.7,0.6,0.04,0.256,0.6206,0.3702,-27.600604686483177,-4.657382191503832,21.64464337691626,0.386,0.9052629712053593,0.12187676689698296
378,0.7,0.7,0.6,0.02,0.2606,0.6164,0.3728,-27.13495450301023,-4.151156494760539,21.09807536677406,0.424,0.9073918588412052,0.13302063798649963
379,0.7,0.7,0.6,0.01,0.2552,0.6164,0.378,-28.240756251008804,-4.444680309122207,21.967138994718972,0.416,0.9042347554106126,0.14006742486317209
380,0.7,0.7,0.65,0.15,0.2678,0.6048,0.362,-27.09443782156465,-4.2651575208112575,21.99425841066255,0.358,0.9097864569709262,0.12585583308486817
381,0.7,0.7,0.65,0.08,0.2604,0.6098,0.3594,-28.576271329918924,-4.4738777714698355,22.325540604187452,0.346,0.9059542954261605,0.11639464368376867
382,0.7,0.7,0.65,0.04,0.2634,0.5924,0.3796,-27.120908317935392,-3.569332315528688,22.817981490262852,0.398,0.9105179282937783,0.13227869093565026
383,0.7,0.7,0.65,0.02,0.2582,0.6186,0.3668,-28.80831056376331,-4.326960044441617,22.082425919718776,0.384,0.9069021107522681,0.13355591057658694
384,0.7,0.7,0.65,0.01,0.2618,0.6084,0.3654,-28.30007632909562,-4.167796528058435,22.002370740681556,0.406,0.9071714631282666,0.1092305099261283
385,0.7,0.7,0.7,0.15,0.2592,0.6146,0.3636,-27.79775775507563,-4.423325481681971,22.022728479679355,0.404,0.9062927085699861,0.12821349272393842
386,0.7,0.7,0.7,0.08,0.2636,0.6082,0.3662,-28.108032514822355,-4.360110597124055,21.908794946062578,0.418,0.9061383337650644,0.13198004194684895
387,0.7,0.7,0.7,0.04,0.2622,0.6168,0.3682,-27.65740215809144,-4.559394384808467,22.131731326681955,0.372,0.9093506725395867,0.1395973437301561
388,0.7,0.7,0.7,0.02,0.2664,0.6062,0.3608,-27.873648504488735,-4.302521294106905,22.37376909329724,0.41,0.9058721292449063,0.11618687949099984
389,0.7,0.7,0.7,0.01,0.2672,0.6074,0.364,-28.533509068758462,-4.124194285824062,22.50690870635338,0.364,0.9072424872050765,0.1245923785382193
390,0.7,0.7,0.75,0.15,0.2594,0.6104,0.3718,-28.074813435826268,-4.197792844638005,22.53360058982358,0.4,0.907130881810141,0.12796658413078404
391,0.7,0.7,0.75,0.08,0.2662,0.6018,0.375,-27.944167519604107,-4.055538694335841,22.171684198047505,0.424,0.906608082346132,0.13635080329188107
392,0.7,0.7,0.75,0.04,0.2632,0.6108,0.3734,-27.85547932251711,-4.361891806115768,22.314156735619115,0.408,0.9062695339175558,0.13013210162256597
393,0.7,0.7,0.75,0.02,0.2662,0.6076,0.3618,-27.795293114864915,-4.010614168357462,22.071562703541797,0.384,0.9074787339589728,0.12094886500356246
394,0.7,0.7,0.75,0.01,0.2536,0.6194,0.3686,-27.386929078768738,-4.533608321760471,22.125926425539273,0.364,0.9046504401455993,0.1430417385770762
395,0.7,0.7,0.8,0.15,0.262,0.6164,0.3698,-28.594073789605403,-4.4275336309209194,22.451295155651803,0.376,0.9095060537579357,0.1309857566105339
396,0.7,0.7,0.8,0.08,0.2734,0.6048,0.357,-28.333896751923508,-4.133934206394364,22.737248222278406,0.384,0.9085216690186677,0.13350433640376788
397,0.7,0.7,0.8,0.04,0.2586,0.6072,0.3676,-27.510656632501355,-4.39487902665101,22.618574438824876,0.392,0.908421267102416,0.12582233333729617
398,0.7,0.7,0.8,0.02,0.2554,0.6176,0.374,-28.575132573037994,-4.3739849029472015,22.915042755719888,0.4,0.9123473368990453,0.12822460558676943
399,0.7,0.7,0.8,0.01,0.2616,0.6154,0.3624,-27.708295061514452,-4.373237778366475,22.429644101968833,0.37,0.9087440266959415,0.11597291496497145
