edge_drive,v_tor,v_pol,tct_gain,edge_shear,residual_instability,stability_margin,stability_window_shift,event_amplitude,event_frequency,heat_pulse_severity,wetted_fraction,peak_heat_flux,divertor_load_proxy,freq_severity_product,damage_index
0.7,0.6,0.3,0.6,9.937499999999998,-0.08363559306280322,0.08363559306280322,0.3680187765999527,0.1,1.0035628488332726,0.10009975976733164,0.41435129551690214,0.24158186748869087,0.19206312978621515,0.10045640007962954,0.26304889147853083
0.7,0.6,0.3,0.4,9.937499999999998,-0.00430518566990723,0.00430518566990723,0.2980187765999527,0.1,0.9875628488332726,0.09965175976733164,0.3943512955169022,0.2526979393758844,0.19913177651289096,0.09841237576707493,0.2638045130446889
0.7,0.6,0.2,0.6,9.125,-0.06155456674543447,0.06155456674543447,0.3662380522311791,0.1,1.009782124464499,0.10027389948500598,0.4099307845767379,0.24461178144632603,0.19409352275986402,0.10125479125030898,0.26496041289757505
0.7,0.6,0.1,0.6,8.3125,-0.03463239986128297,0.03463239986128297,0.36390275766287616,0.1,1.015446829896196,0.1004325112370935,0.4045613160221478,0.24825040669878407,0.19651414328719238,0.10198387515422068,0.26696515098890206
0.7,0.4,0.3,0.6,7.437499999999999,-0.04131511001253396,0.04131511001253396,0.3464899127791883,0.1,1.016137168549023,0.10045184071937263,0.39754099192198544,0.252682975493218,0.1994020783223721,0.10207284900412077,0.26840620421806793
0.7,0.6,0.0,0.6,7.5,-0.004064107882645551,0.004064107882645551,0.3608612565552808,0.1,1.0204053287886008,0.10057134920608082,0.39808901721740386,0.2526353274176286,0.1994129350435869,0.10262354065334409,0.26907993722601103
0.7,0.4,0.2,0.6,6.625,-0.014997111931461582,0.014997111931461582,0.3424880049458703,0.1,1.020135260715705,0.10056378730003974,0.38970818949175584,0.2580489453690763,0.20292914004491353,0.10258866537588475,0.2706604876380945
0.7,0.6,0.2,0.4,9.125,0.017775840647461627,-0.017775840647461627,0.29623805223117916,0.132885305197804,0.9937821244644991,0.13265395119710324,0.3876288132128916,0.3422190164286051,0.2688712435975794,0.13182912543926725,0.3074609801742169
0.7,0.4,0.1,0.6,5.8125,0.01768123073689476,-0.01768123073689476,0.33738715993511253,0.13271027686325532,1.0230344157049474,0.13356620989521967,0.37817488092488916,0.35318636068202475,0.27631930790664294,0.1366428294980804,0.31548973912897166
0.7,0.4,0.3,0.4,7.437499999999999,0.03801529738036202,-0.03801529738036202,0.2764899127791883,0.17032830015366973,1.0001371685490228,0.1703348419856908,0.37261801091122854,0.4571299212540504,0.3567516435101245,0.170358206568814,0.3609957830598991
0.7,0.2,0.3,0.6,4.9375,0.03650709277720887,-0.03650709277720887,0.30869470112460046,0.16753812163783643,1.0200775783937588,0.16847997437375195,0.3640778390369829,0.46275811463668304,0.3597607655446572,0.17186264426701942,0.3647071248161508
0.7,0.6,0.1,0.4,8.3125,0.044698007531613015,-0.044698007531613015,0.2939027576628761,0.1826913139334841,0.999446829896196,0.18266301730901813,0.37877292404680396,0.48224940515137493,0.37739416940655,0.18256197358877216,0.3743617540831911
0.7,0.4,0.0,0.6,5.0,0.055906947007214214,-0.055906947007214214,0.33098253125006766,0.2034278519633463,1.0246297870199024,0.20483075967032288,0.36245889470131193,0.5651144520514962,0.4390151597180856,0.20987569765612774,0.41354714958764555
0.7,0.4,0.2,0.4,6.625,0.0643332954614344,-0.0643332954614344,0.2724880049458703,0.21901659660365366,1.004135260715705,0.21927019000749995,0.36137702772950014,0.6067629461262525,0.4711404814846891,0.22017692941036315,0.43000724326744666
0.85,0.6,0.3,0.6,9.937499999999998,0.06636440693719681,-0.06636440693719681,0.3680187765999527,0.2227741528338141,1.1310628488332723,0.2309494290665233,0.40575710481853516,0.5691814790767736,0.45080026157318603,0.2612183191763996,0.4427483037152118
0.7,0.6,0.0,0.4,7.5,0.07526629951025043,-0.07526629951025043,0.2908612565552808,0.2392426540939633,1.0044053287886006,0.23953775800839489,0.36834203143082644,0.6503133977893027,0.506541923865985,0.2405930005897061,0.4528598667849764
0.7,0.2,0.2,0.6,4.125,0.07289990998179463,-0.07289990998179463,0.3006824454514582,0.2348648334663201,1.0200653227206167,0.23618437229650327,0.3468948222937515,0.6808529765154628,0.525218965038827,0.24092348794819887,0.4626744267786018
0.85,0.6,0.2,0.6,9.125,0.08844543325456555,-0.08844543325456555,0.3662380522311791,0.26362405152094626,1.1372821244644988,0.27375749507971175,0.39847710097027167,0.6870093523897008,0.5423712023312047,0.3113395055923342,0.49946493740665465
0.7,0.4,0.1,0.4,5.8125,0.09701163812979086,-0.09701163812979086,0.26738715993511253,0.2794715305401131,1.0070344157049473,0.28002198783869786,0.3479015931675091,0.8048884895559294,0.6211852139548985,0.28199177890768096,0.5190822500774687
0.7,0.6,0.3,0.2,9.937499999999998,0.11795768526378769,-0.11795768526378769,0.2280187765999527,0.3182217177380072,0.9715628488332726,0.31568790839228883,0.35907577527524165,0.8791679364900213,0.681949926655815,0.3067106436198293,0.5534536244184809
0.85,0.4,0.3,0.6,7.437499999999999,0.10868488998746606,-0.10868488998746606,0.3464899127791883,0.30106704647681226,1.1436371685490228,0.31317548354462926,0.3834662986686086,0.8166962380578726,0.6404639739782374,0.35815912325995086,0.5581273736156868
0.85,0.6,0.1,0.6,8.3125,0.11536760013871705,-0.11536760013871705,0.36390275766287616,0.31343006025662656,1.1429468298961958,0.3259751336388269,0.3896212118041839,0.8366462701796012,0.6579113723903303,0.372572245617486,0.570131099014648
0.7,0.2,0.3,0.4,4.9375,0.11583750017010497,-0.11583750017010497,0.23869470112460045,0.3142993753146942,1.0040775783937588,0.3146582178104417,0.33380455127960285,0.942642083830895,0.7228477307237364,0.3159412613608042,0.5766431740580247
0.7,0.2,0.1,0.6,3.3125,0.11803370906141475,-0.11803370906141475,0.29105470053907007,0.3183623617636173,1.0184375778082284,0.32000591439216114,0.32701633533501545,0.9785624747593346,0.7480676786308239,0.3259060483378599,0.5920418012151112
0.7,0.6,0.2,0.2,9.125,0.14003871158115655,-0.14003871158115655,0.22623805223117915,0.35907161642513963,0.9777821244644991,0.35683783005016145,0.35179577142697815,1.014332345732103,0.7842092652434234,0.3489096515557487,0.6147079611465438
0.7,0.4,0.0,0.4,5.0,0.1352373544001103,-0.1352373544001103,0.26098253125006765,0.3501891056402041,1.0086297870199024,0.3510352817117463,0.3321856069439319,1.0567444054582291,0.8097462121469601,0.3540646414293901,0.6290175055351691
0.85,0.4,0.2,0.6,6.625,0.13500288806853844,-0.13500288806853844,0.3424880049458703,0.3497553429267961,1.1476352607157048,0.3642134848739144,0.3722253154868801,0.9784758578215295,0.7634840272898642,0.41798423766945014,0.6316238736136611
0.85,0.6,0.3,0.4,9.937499999999998,0.1456948143300928,-0.1456948143300928,0.2980187765999527,0.36953540651067174,1.1150628488332723,0.38144094956367797,0.3754838170611552,1.0158652177053813,0.7938167238557852,0.4253306318821433,0.6464495946115904
0.85,0.6,0.0,0.6,7.5,0.14593589211735447,-0.14593589211735447,0.3608612565552808,0.3699814004171058,1.1479053287886005,0.38530362220592623,0.37919031918820645,1.0161219912755355,0.7953355621011723,0.44229208113173246,0.6530342294009244
0.7,0.4,0.3,0.2,7.437499999999999,0.16027816831405706,-0.16027816831405706,0.20648991277918827,0.3965146113810055,0.984137168549023,0.3947534549355133,0.3367849691253151,1.1721231382764845,0.9000437491071446,0.3884915474151804,0.6812006239866126
0.7,0.2,0.2,0.4,4.125,0.15223031737469062,-0.15223031737469062,0.23068244545145825,0.3816260871431777,1.0040653227206164,0.3820604884399737,0.3166215345363715,1.206678784497158,0.9180623808771435,0.38361368762427855,0.688272176739433
0.7,0.6,0.1,0.2,8.3125,0.16696087846530794,-0.16696087846530794,0.22390275766287615,0.4088776251608197,0.983446829896196,0.4069825233141603,0.34293988226089045,1.1867459702588619,0.9138287638282163,0.40024567237646563,0.6913779566575482
0.85,0.6,0.2,0.4,9.125,0.16777584064746165,-0.16777584064746165,0.29623805223117916,0.41038530519780403,1.1212821244644988,0.4243215776635564,0.36820381321289164,1.1524095146136306,0.8975787366811047,0.47578420005872035,0.7088101802163058
0.85,0.4,0.1,0.6,5.8125,0.16768123073689478,-0.16768123073689478,0.33738715993511253,0.4102102768632554,1.150534415704947,0.42750049087951236,0.3587498809248892,1.1916393944922796,0.924190778227811,0.4918540274876378,0.7262243616657652
0.7,0.0,0.3,0.6,2.4375,0.16582509214781416,-0.16582509214781416,0.2512607783872814,0.4067764204734562,1.0102607783872815,0.40794509643047816,0.30410051229485446,1.3414811219881684,1.0147435130429767,0.4121309306591295,0.742035255748906
0.7,0.2,0.0,0.6,2.5,0.170807433706179,-0.170807433706179,0.27980702325584245,0.4159937523564312,1.0151899005250007,0.4177630453972797,0.304700524428863,1.3710611302042996,1.0374068005218426,0.42410882449988574,0.7563231573548788
0.7,0.4,0.2,0.2,6.625,0.18659616639512933,-0.18659616639512933,0.20248800494587033,0.44520290783098926,0.988135260715705,0.4437238872305823,0.32554398594358663,1.3630228368201986,1.0412682044638328,0.43845921899437756,0.7626061200049176
0.85,0.4,0.3,0.4,7.437499999999999,0.18801529738036205,-0.18801529738036205,0.2764899127791883,0.4478283001536698,1.1276371685490227,0.463832970297436,0.35319301091122857,1.3132563668254909,1.0159581780406717,0.5230352973058837,0.7768579680560294
0.7,0.6,0.0,0.2,7.5,0.19752917044394536,-0.19752917044394536,0.22086125655528077,0.46542896532129896,0.9884053287886008,0.46391794649025353,0.33250898964491293,1.3952042228562678,1.0692540261281627,0.45853897043163155,0.7820186203378637
0.85,0.6,0.1,0.4,8.3125,0.19469800753161304,-0.19469800753161304,0.2939027576628761,0.4601913139334841,1.1269468298961958,0.4765488658993779,0.35934792404680393,1.326148932579638,1.028788909241547,0.5370452337159313,0.7867109517478139
0.85,0.2,0.3,0.6,4.9375,0.1865070927772089,-0.1865070927772089,0.30869470112460046,0.4450381216378365,1.1475775783937585,0.4634278631574178,0.3446528390369829,1.344622213042875,1.036204190582965,0.5318194249623837,0.7888705098514748
0.7,0.2,0.1,0.4,3.3125,0.19736411645431085,-0.19736411645431085,0.2210547005390701,0.4651236154404751,1.0024375778082284,0.4654410724413377,0.29674304757763537,1.5684986598365602,1.1824285042482323,0.46657562127055874,0.836696281066884
0.85,0.4,0.0,0.6,5.0,0.20590694700721424,-0.20590694700721424,0.33098253125006766,0.4809278519633463,1.1521297870199023,0.5014136184368607,0.34303389470131196,1.4617028409785975,1.1256016130889896,0.5776935654185389,0.8427818097723909
1.0,0.6,0.3,0.6,9.937499999999998,0.21636440693719683,-0.21636440693719683,0.3680187765999527,0.5002741528338142,1.2585628488332725,0.5364927996770358,0.38633210481853514,1.3886829310471955,1.0904163850676396,0.6752099063400684,0.8524410875505433
0.85,0.4,0.2,0.4,6.625,0.21433329546143443,-0.21433329546143443,0.2724880049458703,0.49651659660365366,1.1316352607157047,0.5148171422638605,0.3419520277295001,1.5055244610834848,1.1587768994966163,0.5825852310066779,0.8594794786571605
0.7,0.4,0.1,0.2,5.8125,0.21927450906348578,-0.21927450906348578,0.19738715993511252,0.5056578417674488,0.9910344157049472,0.504388456726099,0.3120685513815956,1.61627454766929,1.2271144158391731,0.4998663194998696,0.8681840857064915
0.85,0.6,0.0,0.4,7.5,0.22526629951025046,-0.22526629951025046,0.2908612565552808,0.5167426540939634,1.1319053287886005,0.5358277648064237,0.3489170314308264,1.5356881909980733,1.185737041830996,0.6065063022972759,0.878613307466819
0.85,0.2,0.2,0.6,4.125,0.22289990998179465,-0.22289990998179465,0.3006824454514582,0.5123648334663201,1.1475653227206164,0.5335348724266428,0.32746982229375154,1.6292642439218228,1.2457589638985098,0.6122661180589832,0.9077630070525655
1.0,0.6,0.2,0.6,9.125,0.23844543325456558,-0.23844543325456558,0.3662380522311791,0.5411240515209463,1.264782124464499,0.5812424447899012,0.3790521009702717,1.5334104290731443,1.2001516345740093,0.7351450541503105,0.9180042402957634
0.7,0.0,0.2,0.6,1.625,0.2179608581907898,-0.2179608581907898,0.23844341859148754,0.5032275876529612,1.0054434185914876,0.5039945856067474,0.2805588269448486,1.7963953980525482,1.344055113696518,0.5067380391040482,0.924027095175805
0.7,0.2,0.3,0.2,4.9375,0.2381003711037999,-0.2381003711037999,0.16869470112460047,0.5404856865420298,0.9880775783937586,0.5386813950384438,0.2979715094936894,1.8078285268070313,1.3636270306880258,0.5322590083353572,0.9417478084821207
0.85,0.4,0.1,0.4,5.8125,0.24701163812979088,-0.24701163812979088,0.26738715993511253,0.5569715305401132,1.134534415704947,0.5779524455792544,0.3284765931675091,1.7594935456619376,1.3459541606329986,0.6557069401505046,0.9662609500054938
0.7,0.6,0.3,0.0,9.937499999999998,0.2733040006247721,-0.2733040006247721,0.15801877659995273,0.6056124011558284,0.9555628488332726,0.5980771280066186,0.3189584274359942,1.875094296188915,1.4281382873251112,0.5715002842600263,0.9860891674780287
0.85,0.6,0.3,0.2,9.937499999999998,0.2679576852637877,-0.2679576852637877,0.2280187765999527,0.5957217177380073,1.0990628488332723,0.6122456070698811,0.3396507752752417,1.8025738541999135,1.3859589677044022,0.6728964010918798,0.9907234792024855
1.0,0.4,0.3,0.6,7.437499999999999,0.2586848899874661,-0.2586848899874661,0.3464899127791883,0.5785670464768122,1.271137168549023,0.6224909351001106,0.36404129866860857,1.7099459247528177,1.32933667837437,0.7912713646905881,0.9914534602463629
1.0,0.6,0.1,0.6,8.3125,0.2653676001387171,-0.2653676001387171,0.36390275766287616,0.5909300602566266,1.270446829896196,0.635678305472923,0.37019621180418394,1.717138871775291,1.3386276735694622,0.8075954880218608,0.9997851482269935
0.7,0.4,0.0,0.2,5.0,0.25750022533380523,-0.25750022533380523,0.19098253125006764,0.5763754168675397,0.9926297870199023,0.5751859741854739,0.29635256515801844,1.9408840746115303,1.4628897394624105,0.570946731052562,0.9998591139107048
0.7,0.0,0.3,0.4,2.4375,0.24515549954071025,-0.24515549954071025,0.18126077838728138,0.553537674150314,0.9942607783872813,0.5526481490430915,0.27382722453747443,2.0182366818221875,1.505280695349504,0.5494763788418744,1.0124427058530916
0.7,0.2,0.0,0.4,2.5,0.2501378410990751,-0.2501378410990751,0.20980702325584247,0.562755006033289,0.9991899005250007,0.5626273575235056,0.27442723667148294,2.050187745019738,1.5295416093960568,0.5621715733965555,1.027506427758935
0.85,0.2,0.3,0.4,4.9375,0.265837500170105,-0.265837500170105,0.23869470112460045,0.5917993753146943,1.1315775783937585,0.6136022833503713,0.3143795512796028,1.9517881517829567,1.483423097831552,0.6943385858904939,1.040589620659615
0.7,0.6,0.2,0.0,9.125,0.29538502694214097,-0.29538502694214097,0.15623805223117915,0.6464622998429608,0.9617821244644991,0.639544503443099,0.3116784235877307,2.0519370448595753,1.5575996553638085,0.6151024712110968,1.0599739875461083
0.85,0.6,0.2,0.2,9.125,0.29003871158115657,-0.29003871158115657,0.22623805223117915,0.6365716164251397,1.1052821244644988,0.6553371078274306,0.3323707714269782,1.9717049878178234,1.510976229821186,0.7243323907799228,1.0629444648831676
0.85,0.2,0.1,0.6,3.3125,0.26803370906141477,-0.26803370906141477,0.29105470053907007,0.5958623617636174,1.1459375778082281,0.6202108005028217,0.3075913353350154,2.0163467863206046,1.5276991912843807,0.7107228624587058,1.0650840491277564
1.0,0.4,0.2,0.6,6.625,0.28500288806853846,-0.28500288806853846,0.3424880049458703,0.6272553429267962,1.275135260715705,0.6755777603740114,0.3528003154868801,1.91490123653003,1.4811380198754234,0.861453023608247,1.07872219742625
0.7,0.2,0.2,0.2,4.125,0.27449318830838554,-0.27449318830838554,0.16068244545145827,0.6078123983705133,0.9880653227206165,0.6057812658206444,0.28078849275045803,2.157429102192637,1.6143523594624396,0.5985514619111786,1.0789250136403992
1.0,0.6,0.3,0.4,9.937499999999998,0.2956948143300928,-0.2956948143300928,0.2980187765999527,0.6470354065106717,1.2425628488332725,0.690980496930454,0.35605881706115516,1.9406358270627353,1.503256461516437,0.8585866947541353,1.089321596365507
1.0,0.6,0.0,0.6,7.5,0.2959358921173545,-0.2959358921173545,0.3608612565552808,0.6474814004171058,1.2754053287886005,0.6974109522476911,0.3597653191882065,1.9385163467711843,1.5041294586879617,0.8894816448522375,1.096220468066325
0.85,0.4,0.0,0.4,5.0,0.28523735440011033,-0.28523735440011033,0.26098253125006765,0.6276891056402041,1.136129787019902,0.651614317234548,0.31276060694393193,2.083428356280693,1.5822934426145423,0.7403184354588059,1.0988793049910288
0.85,0.4,0.3,0.2,7.437499999999999,0.3102781683140571,-0.3102781683140571,0.20648991277918827,0.6740146113810056,1.1116371685490227,0.6950832345580743,0.31735996912531506,2.1902045064908884,1.6669120613144035,0.7726803587700339,1.148381946299958
0.7,0.4,0.3,0.0,7.437499999999999,0.3156244836750414,-0.3156244836750414,0.13648991277918826,0.6839052947988267,0.968137168549023,0.677803770240577,0.2966676212860676,2.2847244579717425,1.7223022172658347,0.6562070229525647,1.1491030933213633
0.7,0.6,0.1,0.0,8.3125,0.32230719382629236,-0.32230719382629236,0.15390275766287614,0.6962683085786409,0.967446829896196,0.6899219011862673,0.3028225344216429,2.278304362335322,1.722370500933153,0.6674627561786108,1.1529231727334768
0.85,0.6,0.1,0.2,8.3125,0.31696087846530796,-0.31696087846530796,0.22390275766287615,0.6863776251608197,1.1109468298961958,0.7077000232153359,0.3235148822608904,2.1875346762088954,1.6695925476611495,0.7862170973085415,1.1535265684030285
0.7,0.0,0.1,0.6,0.8125,0.27816678607710027,-0.27816678607710027,0.224521612772652,0.6146085542426355,0.9995216127726521,0.6145262283956283,0.2550993083781366,2.4089686181536374,1.7809137817383343,0.6142322468970935,1.1601543366318054
1.0,0.6,0.2,0.4,9.125,0.31777584064746167,-0.31777584064746167,0.29623805223117916,0.6878853051978041,1.248782124464499,0.7358027041300097,0.3487788132128916,2.1096542457723255,1.628806206197515,0.9188572640501967,1.1622010501504956
0.85,0.2,0.2,0.4,4.125,0.30223031737469064,-0.30223031737469064,0.23068244545145825,0.6591260871431777,1.1315653227206164,0.683407165326377,0.29719653453637146,2.2995125646148487,1.7338756748638835,0.7733198495821234,1.1782859815293014
1.0,0.4,0.1,0.6,5.8125,0.3176812307368948,-0.3176812307368948,0.33738715993511253,0.6877102768632554,1.2780344157049472,0.7412482718638049,0.33932488092488916,2.184479575571952,1.6793486192741005,0.9473408020237598,1.191200528383384
0.7,0.0,0.2,0.4,1.625,0.29729126558368585,-0.29729126558368585,0.16844341859148754,0.6499888413298188,0.9894434185914874,0.6480675764967444,0.2502855391874686,2.5893129047752517,1.909877039877774,0.641226198367239,1.2290311046575495
0.85,0.4,0.2,0.2,6.625,0.33659616639512935,-0.33659616639512935,0.20248800494587033,0.7227029078309893,1.1156352607157047,0.746102490797759,0.3061189859435866,2.4372957087191423,1.8453780824466581,0.8323782468417946,1.2474644230014713
1.0,0.4,0.3,0.4,7.437499999999999,0.33801529738036207,-0.33801529738036207,0.2764899127791883,0.7253283001536698,1.255137168549023,0.7771445986091811,0.33376801091122854,2.3283974892844848,1.7854589775481284,0.9754230710514944,1.2483499561184257
0.85,0.0,0.3,0.6,2.4375,0.3158250921478142,-0.3158250921478142,0.2512607783872814,0.6842764204734563,1.1377607783872812,0.7106710271220723,0.28467551229485444,2.496424864201141,1.871411021223467,0.8085736209956976,1.2512337506894355
0.7,0.4,0.2,0.0,6.625,0.34194248175611375,-0.34194248175611375,0.13248800494587032,0.7325935912488104,0.972135260715705,0.7268778030107922,0.2854266381043391,2.546636178873671,1.9097207473216633,0.7066235425383554,1.2518536362371908
1.0,0.6,0.1,0.4,8.3125,0.34469800753161306,-0.34469800753161306,0.2939027576628761,0.7376913139334842,1.254446829896196,0.7902482144897379,0.3399229240468039,2.3247864694789717,1.7876980802327398,0.9913243674977809,1.253406952253758
0.85,0.6,0.0,0.2,7.5,0.3475291704439454,-0.3475291704439454,0.22086125655528077,0.7429289653212989,1.1159053287886005,0.7670396045990981,0.31308398964491296,2.4499483524182857,1.8609302906815701,0.8559435821640348,1.261315522450007
0.7,0.2,0.1,0.2,3.3125,0.31962698738800577,-0.31962698738800577,0.15105470053907008,0.6913099266678107,0.9864375778082284,0.6886846922823778,0.2609100057917219,2.6395487984164854,1.956746361269548,0.6793444597286339,1.263248201217332
0.7,0.6,0.0,0.0,7.5,0.3528754858049298,-0.3528754858049298,0.15086125655528076,0.7528196487391201,0.9724053287886008,0.7470029817463578,0.29239164180566546,2.5548027882508495,1.9220728559742775,0.7263896800711322,1.2640341513628277
0.85,0.2,0.0,0.6,2.5,0.32080743370617903,-0.32080743370617903,0.27980702325584245,0.6934937523564312,1.1426899005250006,0.7212010276271967,0.285275524428863,2.5280858884444437,1.8956761871584074,0.8241091305178496,1.2664307777188886
1.0,0.2,0.3,0.6,4.9375,0.3365070927772089,-0.3365070927772089,0.30869470112460046,0.7225381216378365,1.2750775783937587,0.7781892519410837,0.3252278390369829,2.3927510456833705,1.82765441787357,0.9922516668970875,1.27083871515709
1.15,0.6,0.3,0.6,9.937499999999998,0.36636440693719674,-0.36636440693719674,0.3680187765999527,0.777774152833814,1.3860628488332725,0.861849670287548,0.36690710481853517,2.348958793572017,1.828470600422453,1.1945778092647754,1.3122915945521947
1.0,0.4,0.0,0.6,5.0,0.35590694700721426,-0.35590694700721426,0.33098253125006766,0.7584278519633464,1.2796297870199023,0.8178099772033987,0.32360889470131193,2.527155435446945,1.928884525061704,1.046494006951536,1.3306011316195105
1.0,0.4,0.2,0.4,6.625,0.36433329546143445,-0.36433329546143445,0.2724880049458703,0.7740165966036537,1.259135260715705,0.8301775945202216,0.32252702772950015,2.5739783743534272,1.9636481014118052,1.045305881916556,1.3477848335406877
1.0,0.6,0.0,0.4,7.5,0.3752662995102505,-0.3752662995102505,0.2908612565552808,0.7942426540939634,1.2594053287886005,0.8519312716044526,0.3294920314308264,2.5855899091244248,1.9788093859924345,1.072926783220296,1.361650225623936
0.85,0.2,0.1,0.4,3.3125,0.34736411645431087,-0.34736411645431087,0.2210547005390701,0.7426236154404751,1.1299375778082281,0.7696421353082619,0.2773180475776354,2.7753048964214995,2.0733229300318663,0.86964757014937,1.3620435771891353
0.85,0.4,0.1,0.2,5.8125,0.3692745090634858,-0.3692745090634858,0.19738715993511252,0.7831578417674487,1.118534415704947,0.8091505657774712,0.29264355138159565,2.764969745471585,2.0804330325786453,0.9050627553092311,1.376322488667729
0.7,0.4,0.1,0.0,5.8125,0.3746208244244702,-0.3746208244244702,0.12738715993511254,0.7930485251852699,0.9750344157049472,0.7875048276397075,0.27195120354234814,2.895757832221094,2.1578692806176085,0.7678443094825074,1.3861775667416238
1.15,0.6,0.2,0.6,9.125,0.3884454332545655,-0.3884454332545655,0.3662380522311791,0.8186240515209462,1.392282124464499,0.9085408945000905,0.3596271009702717,2.5263415689442,1.9601113328887618,1.2649452467574622,1.388427962141156
1.0,0.2,0.2,0.6,4.125,0.3728999099817947,-0.3728999099817947,0.3006824454514582,0.7898648334663202,1.2750653227206166,0.8506988725567824,0.3080448222937515,2.761607438236881,2.0927894402488465,1.0846966324746785,1.4159565653991388
0.7,0.0,0.0,0.6,0.0,0.34306040631242457,-0.34306040631242457,0.21,0.7346617516779854,0.993,0.7332218146446966,0.22857367738254103,3.2078138788377464,2.341706656370179,0.7280892619421837,1.4560419504560662
0.85,0.2,0.3,0.2,4.9375,0.3881003711037999,-0.3881003711037999,0.16869470112460047,0.8179856865420299,1.1155775783937585,0.8444571118891893,0.27854650949368936,3.0316556952163887,2.266136191051869,0.9420574199387289,1.4728312457452262
1.0,0.4,0.1,0.4,5.8125,0.3970116381297909,-0.3970116381297909,0.26738715993511253,0.8344715305401131,1.2620344157049472,0.8956964033198108,0.3090515931675091,2.8982099530363343,2.1973302106355512,1.1303996870127402,1.4765984553140352
0.85,0.0,0.2,0.6,1.625,0.36796085819078983,-0.36796085819078983,0.23844341859148754,0.7807275876529612,1.1329434185914873,0.8097895141105168,0.2611338269448486,3.101051761790877,2.299109975102751,0.9174457004559083,1.4793669756988115
1.15,0.4,0.3,0.6,7.437499999999999,0.408684889987466,-0.408684889987466,0.3464899127791883,0.8560670464768121,1.3986371685490229,0.9516198866555915,0.3446162986686086,2.761389668254467,2.1279702446948607,1.3309709438069186,1.4801631639190502
1.15,0.6,0.1,0.6,8.3125,0.415367600138717,-0.415367600138717,0.36390275766287616,0.8684300602566264,1.397946829896196,0.9651949773070188,0.3507712118041839,2.751636807201366,2.1263821667383445,1.3492912587580776,1.4835661975884542
1.0,0.6,0.3,0.2,9.937499999999998,0.41795768526378774,-0.41795768526378774,0.2280187765999527,0.8732217177380073,1.2265628488332725,0.9286168057474732,0.32022577527524165,2.899881513127121,2.2099388655442445,1.1390068747320743,1.4880892563516845
0.7,0.0,0.3,0.2,2.4375,0.3674183704744052,-0.3674183704744052,0.11126077838728139,0.7797239853776495,0.9782607783872813,0.774977819473484,0.23799418275156092,3.2562889164500017,2.3878300325082207,0.7581304049110085,1.4887296750536472
0.7,0.2,0.3,0.0,4.9375,0.3934466864647843,-0.3934466864647843,0.09869470112460045,0.827876369959851,0.9720775783937587,0.8214038023086893,0.25785416165444186,3.185536339760447,2.3580899516523317,0.7984682190316564,1.4890510625803912
0.85,0.6,0.3,0.0,9.937499999999998,0.42330400062477214,-0.42330400062477214,0.15801877659995273,0.8831124011558285,1.0830628488332723,0.903651474082227,0.29953342743599415,3.016863532786583,2.2772393122400585,0.9787113398718827,1.4924746768875725
0.7,0.2,0.0,0.2,2.5,0.37240071203277003,-0.37240071203277003,0.13980702325584246,0.7889413172606246,0.9831899005250007,0.7852279062941598,0.23859419488556946,3.2910603993142318,2.4140190267572064,0.7720281470788095,1.504747874195599
0.7,0.0,0.1,0.4,0.8125,0.3574971934699963,-0.3574971934699963,0.154521612772652,0.7613698079194932,0.9835216127726519,0.7578568868944227,0.22482602062075657,3.3708593195838255,2.4563084681425345,0.7453686276492638,1.515553371569314
0.85,0.4,0.0,0.2,5.0,0.40750022533380525,-0.40750022533380525,0.19098253125006764,0.8538754168675398,1.1201297870199023,0.8825966610190915,0.2769275651580184,3.187102954216459,2.3805257515973803,0.9886228099317919,1.5383140525256307
0.7,0.4,0.0,0.0,5.0,0.41284654069478965,-0.41284654069478965,0.12098253125006767,0.8637661002853608,0.9766297870199023,0.8581139089213369,0.2562352173187709,3.348930400358649,2.47714462835559,0.8380596041086611,1.5563461328333332
1.0,0.2,0.3,0.4,4.9375,0.415837500170105,-0.415837500170105,0.23869470112460045,0.8692993753146943,1.2590775783937587,0.932359848890301,0.2949545512796028,3.1610288596851266,2.3809947059069376,1.173913380732371,1.5724898592462382
1.0,0.6,0.2,0.2,9.125,0.4400387115811566,-0.4400387115811566,0.22623805223117915,0.9140716164251397,1.232782124464499,0.9736498856046996,0.31294577142697816,3.111241545667883,2.3630844646457687,1.200298174460378,1.573755543349093
0.85,0.6,0.2,0.0,9.125,0.445385026942141,-0.445385026942141,0.15623805223117915,0.9239622998429609,1.0892821244644988,0.9470604286183844,0.29225342358773065,3.240545198725753,2.4378255291881743,1.0316159956816926,1.5811878037760758
1.15,0.4,0.2,0.6,6.625,0.4350028880685384,-0.4350028880685384,0.3424880049458703,0.904755342926796,1.4026352607157049,1.0067555358741083,0.3333753154868801,3.0198862636358834,2.3152905089192624,1.412110813537759,1.5843138157580448
0.85,0.0,0.3,0.4,2.4375,0.3951554995407103,-0.3951554995407103,0.18126077838728138,0.831037674150314,1.1217607783872812,0.8593702564909494,0.2544022245374744,3.377998199714488,2.4964784195862495,0.9640078478441649,1.5846850041999248
1.15,0.6,0.3,0.4,9.937499999999998,0.4456948143300927,-0.4456948143300927,0.2980187765999527,0.9245354065106716,1.3700628488332725,1.02033354429723,0.33663381706115514,3.0309894389245793,2.327259875805007,1.397921082460013,1.5897938988707705
1.15,0.6,0.0,0.6,7.5,0.4459358921173544,-0.4459358921173544,0.3608612565552808,0.9249814004171056,1.4029053287886004,1.029331782289456,0.34034031918820645,3.0244191600473904,2.3261385778321135,1.4440550424653456,1.5963846440658929
0.85,0.2,0.0,0.4,2.5,0.40013784109907513,-0.40013784109907513,0.20980702325584247,0.840255006033289,1.1266899005250006,0.8700615165096865,0.2550022366714829,3.4119760197655795,2.522305943626017,0.9802895234869299,1.6006415737771595
1.0,0.2,0.1,0.6,3.3125,0.4180337090614148,-0.4180337090614148,0.29105470053907007,0.8733623617636174,1.2734375778082283,0.9402291866134822,0.28816633533501546,3.2628002348726604,2.449900367981948,1.1973231779856734,1.6086524381376375
1.0,0.4,0.0,0.4,5.0,0.43523735440011035,-0.43523735440011035,0.26098253125006765,0.9051891056402042,1.2636297870199025,0.9720068527573499,0.2933356069439319,3.3136340415132044,2.4940645254486555,1.2282568123316557,1.6377230247699033
0.85,0.2,0.2,0.2,4.125,0.42449318830838556,-0.42449318830838556,0.16068244545145827,0.8853123983705133,1.1155653227206164,0.9139595940178636,0.261363492750458,3.496890802919001,2.592864879803603,1.0195816294541415,1.645659855137196
0.7,0.2,0.2,0.0,4.125,0.42983950366936996,-0.42983950366936996,0.09068244545145826,0.8952030817883344,0.9720653227206165,0.8882010632153398,0.24067114491121053,3.6905174633337072,2.7097067232922787,0.863389453155214,1.6727213882447458
1.15,0.6,0.2,0.4,9.125,0.4677758406474616,-0.4677758406474616,0.29623805223117916,0.965385305197804,1.376282124464499,1.0670973305964628,0.32935381321289164,3.23997260024647,2.4794662558689677,1.4686269811636956,1.6754394070793202
1.0,0.6,0.1,0.2,8.3125,0.466960878465308,-0.466960878465308,0.22390275766287615,0.9638776251608198,1.238446829896196,1.028231023116512,0.3040898822608904,3.381339147069527,2.557751303685972,1.2734094509795664,1.6815053096216883
1.0,0.4,0.3,0.2,7.437499999999999,0.4602781683140571,-0.4602781683140571,0.20648991277918827,0.9515146113810057,1.239137168549023,1.0152265141806354,0.2979349691253151,3.4075439924395674,2.570232875048941,1.258004908217687,1.6832661039335863
0.85,0.6,0.1,0.0,8.3125,0.4723071938262924,-0.4723071938262924,0.15390275766287614,0.9737683085786409,1.0949468298961957,0.9996560484854593,0.28339753442164295,3.5273985376250896,2.6426886664262192,1.0945702212757114,1.6931700842400839
0.85,0.4,0.3,0.0,7.437499999999999,0.46562448367504145,-0.46562448367504145,0.13648991277918826,0.9614052947988266,1.0956371685490227,0.9871501972611543,0.2772426212860676,3.5606004325091916,2.6598928501723784,1.0815584470598203,1.6972294564908286
1.15,0.4,0.1,0.6,5.8125,0.4676812307368947,-0.4676812307368947,0.33738715993511253,0.9652102768632552,1.4055344157049472,1.0748095528480974,0.3198998809248892,3.35983105007925,2.5600735260483467,1.5106818168564462,1.7188554831292902
1.0,0.2,0.2,0.4,4.125,0.45223031737469066,-0.45223031737469066,0.23068244545145825,0.9366260871431777,1.2590653227206166,1.0045673422127805,0.2777715345363715,3.6165237157562027,2.702338985016005,1.2648159049177266,1.743478397626269
0.7,0.0,0.2,0.2,1.625,0.41955413651738077,-0.41955413651738077,0.09844341859148753,0.8761751525571544,0.9734434185914874,0.8696600518623945,0.2144524974015551,4.055257282613899,2.9402982518508725,0.8465648538973796,1.7733908387954578
0.85,0.0,0.1,0.6,0.8125,0.4281667860771003,-0.4281667860771003,0.224521612772652,0.8921085542426356,1.1270216127726518,0.9238373330945255,0.2356743083781366,3.9199747289052804,2.871326640371516,1.0411846410837777,1.778805611736857
1.15,0.6,0.1,0.4,8.3125,0.49469800753161297,-0.49469800753161297,0.2939027576628761,1.015191313933484,1.3819468298961959,1.1237610630800976,0.32049792404680394,3.5062974789065686,2.672409733367304,1.55297803868432,1.7828903945181809
1.15,0.4,0.3,0.4,7.437499999999999,0.488015297380362,-0.488015297380362,0.2764899127791883,1.0028283001536697,1.3826371685490229,1.110269726920926,0.3143430109112285,3.5320324880214047,2.684415521636237,1.5351001915556461,1.7843155070641996
1.0,0.4,0.2,0.2,6.625,0.48659616639512937,-0.48659616639512937,0.20248800494587033,1.0002029078309893,1.243135260715705,1.0682945943649356,0.28669398594358664,3.7262539388431613,2.7959681682757824,1.3280346790870323,1.8046537334655477
1.0,0.6,0.0,0.2,7.5,0.4975291704439454,-0.4975291704439454,0.22086125655528077,1.020428965321299,1.2434053287886007,1.089974762707943,0.29365898964491294,3.711702352534552,2.794097696095239,1.3552804281961468,1.8106407857284248
1.15,0.2,0.3,0.6,4.9375,0.4865070927772088,-0.4865070927772088,0.30869470112460046,1.0000381216378365,1.4025775783937586,1.1127641407247495,0.3058028390369829,3.6388286787297455,2.754706090427997,1.5607380338211307,1.8201169605844687
0.85,0.4,0.2,0.0,6.625,0.49194248175611377,-0.49194248175611377,0.13248800494587032,1.0100935912488105,1.0996352607157047,1.038273053975985,0.2660016381043391,3.903258120420757,2.900513347165087,1.1417216604029732,1.825023319087394
0.85,0.6,0.0,0.0,7.5,0.5028754858049298,-0.5028754858049298,0.15086125655528076,1.0303196487391202,1.0999053287886005,1.0591412872532187,0.27296664180566543,3.880112530406769,2.8927725953030268,1.164955145789833,1.8281073962123477
1.0,0.0,0.3,0.6,2.4375,0.4658250921478142,-0.4658250921478142,0.2512607783872814,0.9617764204734562,1.2652607783872813,1.0332104578136665,0.2652505122948544,3.895225117096634,2.8935199863475956,1.307280668091199,1.841514598834721
1.0,0.2,0.0,0.6,2.5,0.47080743370617906,-0.47080743370617906,0.27980702325584245,0.9709937523564313,1.2701899005250006,1.044452509857114,0.265850524428863,3.9287208934454876,2.919226959189557,1.3266530295984948,1.8575468721111688
0.85,0.0,0.2,0.4,1.625,0.44729126558368587,-0.44729126558368587,0.16844341859148754,0.9274888413298189,1.1169434185914873,0.9578586817567775,0.2308605391874686,4.149079288855664,3.032152076371054,1.0698739505289505,1.862502461985686
0.85,0.2,0.1,0.2,3.3125,0.4696269873880058,-0.4696269873880058,0.15105470053907008,0.9688099266678107,1.113937577808228,0.999717406460118,0.24148500579172194,4.13987362562114,3.040818948914783,1.1136227862449077,1.8793837350498244
0.7,0.0,0.0,0.4,0.0,0.4223908137053206,-0.4223908137053206,0.13999999999999999,0.8814230053548432,0.9769999999999999,0.8757466412003581,0.19830038962516097,4.4162628366779595,3.177082168260799,0.8556044684527497,1.8850861295393289
1.15,0.4,0.0,0.6,5.0,0.5059069470072142,-0.5059069470072142,0.33098253125006766,1.0359278519633464,1.4071297870199022,1.1540198359699365,0.3041838947013119,3.793822934324338,2.869891849900297,1.6238556860051192,1.8867103247893435
1.15,0.4,0.2,0.4,6.625,0.5143332954614344,-0.5143332954614344,0.2724880049458703,1.0515165966036537,1.3866352607157049,1.165351546776582,0.3031020277295001,3.8447500846697946,2.90696059640717,1.6159175458899957,1.9047109275381422
1.15,0.6,0.0,0.4,7.5,0.5252662995102504,-0.5252662995102504,0.2908612565552808,1.0717426540939634,1.3869053287886004,1.1878482784024813,0.3100670314308264,3.830940274175783,2.9058580756551278,1.6474331071087662,1.9112471378585547
0.7,0.2,0.1,0.0,3.3125,0.4749733027489902,-0.4749733027489902,0.08105470053907009,0.9787006100856319,0.9704375778082284,0.9705994371079171,0.22079265795247444,4.395976959147067,3.1970948264333643,0.9419061667690369,1.9238444946708697
1.0,0.4,0.1,0.2,5.8125,0.5192745090634858,-0.5192745090634858,0.19738715993511252,1.0606578417674488,1.2460344157049472,1.1337261748288436,0.2732185513815956,4.149521213313969,3.0939929498441754,1.412661831822263,1.9631431726409931
1.0,0.2,0.1,0.4,3.3125,0.4973641164543109,-0.4973641164543109,0.2210547005390701,1.0201236154404751,1.2574375778082283,1.0936566981751863,0.25789304757763537,4.240737423702572,3.1392591697679872,1.375205029507151,1.9729041605202269
0.85,0.4,0.1,0.0,5.8125,0.5246208244244702,-0.5246208244244702,0.12738715993511254,1.07054852518527,1.102534415704947,1.101283584089096,0.2525262035423481,4.361066569095326,3.2201425243431454,1.2142030529091214,1.9929066903836488
1.15,0.2,0.2,0.6,4.125,0.5228999099817946,-0.5228999099817946,0.3006824454514582,1.0673648334663202,1.4025653227206165,1.1876763726869217,0.2886198222937515,4.115020109319201,3.090449801497903,1.6657936949452836,1.9983963667758904
1.15,0.6,0.3,0.2,9.937499999999998,0.5679576852637876,-0.5679576852637876,0.2280187765999527,1.1507217177380074,1.3540628488332724,1.2648015044250656,0.3008007752752416,4.20478139814545,3.175788435343315,1.7126207282904131,2.0556581013282202
1.15,0.4,0.1,0.4,5.8125,0.5470116381297908,-0.5470116381297908,0.26738715993511253,1.1119715305401132,1.3895344157049472,1.2332538610603674,0.2896265931675091,4.258082269217247,3.199392326362339,1.7136486832443878,2.0612081332645316
1.0,0.6,0.3,0.0,9.937499999999998,0.5733040006247722,-0.5733040006247722,0.15801877659995273,1.1606124011558285,1.2105628488332725,1.2290393201578356,0.2801084274359942,4.387727036305167,3.2821863356536007,1.4878293407383778,2.0755138663733907
1.0,0.2,0.3,0.2,4.9375,0.5381003711037999,-0.5381003711037999,0.16869470112460047,1.09548568654203,1.2430775783937587,1.170046328739935,0.2591215094936894,4.515434982708103,3.3445489538192446,1.454458356938546,2.0898257187330387
1.0,0.0,0.2,0.6,1.625,0.5179608581907899,-0.5179608581907899,0.23844341859148754,1.0582275876529612,1.2604434185914875,1.1353979426142862,0.2417088269448486,4.697378895779231,3.4506855621715,1.4311048642504924,2.1301334872968254
0.85,0.2,0.3,0.0,4.9375,0.5434466864647843,-0.5434466864647843,0.09869470112460045,1.1053763699598511,1.0995775783937585,1.136196166557451,0.23842916165444186,4.765340609653081,3.4951400545696103,1.2493358294035133,2.130534289247686
1.15,0.6,0.2,0.2,9.125,0.5900387115811565,-0.5900387115811565,0.22623805223117915,1.1915716164251398,1.360282124464499,1.3117761633819687,0.2935207714269782,4.469108462084807,3.3640421575388135,1.784385666347114,2.157991129385078
0.85,0.0,0.0,0.6,0.0,0.4930604063124246,-0.4930604063124246,0.21,1.0121617516779855,1.1204999999999998,1.0463120891796005,0.20914867738254103,5.002719129157366,3.617976665165148,1.1723926959257422,2.161374635365914
0.7,0.0,0.1,0.2,0.8125,0.47976006440369123,-0.47976006440369123,0.08452161277265202,0.9875561191468288,0.9675216127726519,0.9785753347338403,0.18899297883484306,5.17783962540215,3.708097123668242,0.9467927860812229,2.1618742730906324
1.0,0.4,0.0,0.2,5.0,0.5575002253338053,-0.5575002253338053,0.19098253125006764,1.1313754168675398,1.2476297870199025,1.2098208478527093,0.2575025651580184,4.698286586427959,3.477323577926622,1.5094085267387134,2.164183816922528
0.85,0.0,0.3,0.2,2.4375,0.5174183704744052,-0.5174183704744052,0.11126077838728139,1.0572239853776497,1.1057607783872812,1.0885315782321578,0.2185691827515609,4.980261007195371,3.618155707058247,1.2036555252451264,2.172967805780728
1.0,0.6,0.2,0.0,9.125,0.595385026942141,-0.595385026942141,0.15623805223117915,1.201462299842961,1.216782124464499,1.2743898537936695,0.27282842358773063,4.671030375190645,3.482206192701703,1.5506547936950634,2.1828901267856575
1.15,0.2,0.3,0.4,4.9375,0.5658375001701049,-0.5658375001701049,0.23869470112460045,1.1467993753146943,1.3865775783937586,1.2709309144302308,0.2755295512796028,4.612684586926616,3.4430708015528815,1.7622443096364346,2.1850400036346564
0.85,0.2,0.0,0.2,2.5,0.52240071203277,-0.52240071203277,0.13980702325584246,1.0664413172606246,1.1106899005250006,1.099493716591157,0.21916919488556946,5.016643498486245,3.6456410748229646,1.2211965667084952,2.189754128066002
0.85,0.4,0.0,0.0,5.0,0.5628465406947897,-0.5628465406947897,0.12098253125006767,1.141266100285361,1.1041297870199023,1.1745412431529707,0.2368102173187709,4.959841920891097,3.6349866836827527,1.2968459726485808,2.207815522685721
0.85,0.0,0.1,0.4,0.8125,0.5074971934699963,-0.5074971934699963,0.154521612772652,1.0388698079194933,1.1110216127726518,1.0711641683495836,0.20540102062075655,5.214989512283555,3.764650641906665,1.1900865418640307,2.2357403419612973
1.15,0.2,0.1,0.6,3.3125,0.5680337090614147,-0.5680337090614147,0.29105470053907007,1.1508623617636173,1.4009375778082283,1.2800610727241424,0.26874133533501543,4.763171512593723,3.54408285863937,1.7932856586687624,2.23632157589822
0.7,0.0,0.3,0.0,2.4375,0.5227646858353896,-0.5227646858353896,0.0412607783872814,1.067114668795471,0.9622607783872813,1.0558384872433515,0.19787683491231342,5.335836747698298,3.837837356539067,1.015991964586037,2.245840238840231
1.0,0.0,0.3,0.4,2.4375,0.5451554995407103,-0.5451554995407103,0.18126077838728138,1.1085376741503141,1.2492607783872813,1.1859058639388076,0.23497722453747444,5.046897061079543,3.695550142080285,1.481505682678236,2.2575939055885845
1.15,0.4,0.0,0.4,5.0,0.5852373544001103,-0.5852373544001103,0.26098253125006765,1.1826891056402042,1.3911297870199024,1.3122128882801518,0.2739106069439319,4.790661095314046,3.5732042228521825,1.8254584357979386,2.258538555119276
0.7,0.2,0.0,0.0,2.5,0.5277470273937545,-0.5277470273937545,0.06980702325584247,1.0763320006784458,0.9671899005250008,1.066443923875538,0.19847684704632196,5.373140191141004,3.865796497598091,1.031453792648673,2.26276016608033
1.0,0.2,0.0,0.4,2.5,0.5501378410990752,-0.5501378410990752,0.20980702325584247,1.1177550060332893,1.2541899005250008,1.1973091754958678,0.2355772366714829,5.082448509936208,3.722649742882089,1.5016530757128332,2.2743073844228205
1.15,0.6,0.1,0.2,8.3125,0.6169608784653079,-0.6169608784653079,0.22390275766287615,1.2413776251608197,1.3659468298961959,1.3685755230176873,0.28466488226089043,4.807672488956371,3.6039885508778315,1.8694013971395382,2.2871681121482115
1.15,0.4,0.3,0.2,7.437499999999999,0.610278168314057,-0.610278168314057,0.20648991277918827,1.2290146113810057,1.3666371685490228,1.3551832938031965,0.27850996912531506,4.865834059941439,3.637106291793054,1.852043859508139,2.298360836033172
1.0,0.2,0.2,0.2,4.125,0.5744931883083856,-0.5744931883083856,0.16068244545145827,1.1628123983705134,1.2430653227206165,1.241951422215083,0.241938492750458,5.133335370060628,3.7713509883146874,1.5438267454591208,2.309414956558572
1.0,0.6,0.1,0.0,8.3125,0.6223071938262924,-0.6223071938262924,0.15390275766287614,1.2512683085786411,1.222446829896196,1.3292036957846514,0.2639725344216429,5.0353863469050015,3.738222419012879,1.6248808441982547,2.319010485943734
1.0,0.4,0.3,0.0,7.437499999999999,0.6156244836750415,-0.6156244836750415,0.13648991277918826,1.238905294798827,1.2231371685490229,1.3163101242817317,0.25781762128606756,5.105586335470798,3.779339661554625,1.6100278383463698,2.3340141981875417
0.85,0.2,0.2,0.0,4.125,0.57983950366937,-0.57983950366937,0.09068244545145826,1.1727030817883346,1.0995653227206164,1.2053960388105756,0.2212461449112105,5.448212619904946,3.9632268165219164,1.3254116844209032,2.3685329254542116
1.15,0.2,0.2,0.4,4.125,0.6022303173746906,-0.6022303173746906,0.23068244545145825,1.2141260871431776,1.3865653227206165,1.3455410190991839,0.25834653453637146,5.208279729836094,3.8563211810781755,1.865680517381087,2.3990196726047976
1.15,0.6,0.0,0.2,7.5,0.6475291704439453,-0.6475291704439453,0.22086125655528077,1.2979289653212989,1.3709053287886006,1.4327234208167872,0.27423398964491297,5.224456029946994,3.8973496167514217,1.9641281722779662,2.443191352195695
1.15,0.4,0.2,0.2,6.625,0.6365961663951293,-0.6365961663951293,0.20248800494587033,1.2777029078309894,1.3706352607157049,1.4103001979321121,0.2672689859435866,5.276707257870126,3.923464786891821,1.9330071794800907,2.4482169706005075
1.0,0.6,0.0,0.0,7.5,0.6528754858049298,-0.6528754858049298,0.15086125655528076,1.3078196487391203,1.2274053287886006,1.3910930927600795,0.25354164180566546,5.486645439593407,4.053202118201742,1.7074350748947367,2.4844729911710837
1.0,0.4,0.2,0.0,6.625,0.6419424817561138,-0.6419424817561138,0.13248800494587032,1.2875935912488106,1.2271352607157051,1.369481804941178,0.2465766381043391,5.553980358681347,4.089405864872288,1.680539411751907,2.494348490951648
1.0,0.0,0.1,0.6,0.8125,0.5781667860771003,-0.5781667860771003,0.224521612772652,1.1696085542426355,1.254521612772652,1.2529619377934227,0.2162493083781366,5.794062173842774,4.204677091225501,1.5718678309433518,2.514306687097664
1.15,0.0,0.3,0.6,2.4375,0.6158250921478141,-0.6158250921478141,0.2512607783872814,1.2392764204734563,1.3927607783872813,1.3755633885052607,0.24582551229485444,5.595690112323845,4.11864575898734,1.9158307356956332,2.5302202696795217
1.15,0.2,0.0,0.6,2.5,0.620807433706179,-0.620807433706179,0.27980702325584245,1.2484937523564312,1.3976899005250005,1.387517492087031,0.24642552442886295,5.630575385008761,4.145505122486155,1.9393191854918206,2.5469542124721176
0.85,0.0,0.2,0.2,1.625,0.5695541365173808,-0.5695541365173808,0.09844341859148753,1.1536751525571547,1.1009434185914873,1.1862828084332435,0.19502749740155506,6.0826438540137096,4.368917488060546,1.3060302505328054,2.5498809128437405
1.0,0.2,0.1,0.2,3.3125,0.6196269873880058,-0.6196269873880058,0.15105470053907008,1.2463099266678108,1.2414375778082283,1.3305636206378584,0.22206000579172192,5.9919102311734695,4.360438917486006,1.6518116783244092,2.608958202386619
1.0,0.0,0.2,0.4,1.625,0.597291265583686,-0.597291265583686,0.16844341859148754,1.204988841329819,1.2444434185914874,1.2874632870168108,0.2114355391874686,6.089152712757934,4.408561413748541,1.6021752142062333,2.617991331260381
1.15,0.4,0.1,0.2,5.8125,0.6692745090634857,-0.6692745090634857,0.19738715993511252,1.3381578417674487,1.3735344157049472,1.4781152838802158,0.25379355138159565,5.8240852686511735,4.302995773981339,2.0302422127889646,2.644893032862703
0.7,0.0,0.2,0.0,1.625,0.5749004518783651,-0.5749004518783651,0.028443418591487538,1.1635658359749756,0.9574434185914875,1.1497009683925825,0.1743351495623076,6.59477432565415,4.688998650612602,1.1007736255357379,2.668164265623756
0.7,0.0,0.0,0.2,0.0,0.5446536846390155,-0.5446536846390155,0.06999999999999999,1.107609316582179,0.961,1.0955142228451016,0.16246734783924746,6.742980896869523,4.766367560960975,1.0527891681541426,2.68694801089475
1.15,0.2,0.1,0.4,3.3125,0.6473641164543108,-0.6473641164543108,0.2210547005390701,1.2976236154404752,1.3849375778082282,1.4374847610421109,0.23846804757763537,6.02799735916035,4.421317949818967,1.9908266630939009,2.68823836630433
0.85,0.2,0.1,0.0,3.3125,0.6249733027489902,-0.6249733027489902,0.08105470053907009,1.256200610085632,1.097937577808228,1.2906487986836737,0.2013676579524744,6.409414559453658,4.617846543184163,1.417051815827852,2.6975205193931497
1.0,0.4,0.1,0.0,5.8125,0.6746208244244702,-0.6746208244244702,0.12738715993511254,1.34804852518527,1.2300344157049472,1.4348758405384847,0.23310120354234815,6.15559172897109,4.503341168019678,1.7649466661259001,2.7063261409261337
0.85,0.0,0.0,0.4,0.0,0.5723908137053206,-0.5723908137053206,0.13999999999999999,1.1589230053548434,1.1044999999999998,1.192833092491526,0.17887538962516097,6.66851429361605,4.7520258732224665,1.3174841506568902,2.729221147137223
1.15,0.6,0.3,0.0,9.937499999999998,0.7233040006247721,-0.7233040006247721,0.15801877659995273,1.4381124011558284,1.3380628488332724,1.5742406662334438,0.26068342743599415,6.038898144455189,4.4762680270775785,2.1064329506095105,2.7505707372486405
1.15,0.2,0.3,0.2,4.9375,0.6881003711037998,-0.6881003711037998,0.16869470112460047,1.3729856865420298,1.3705775783937586,1.5154490455906804,0.23969650949368937,6.322365931784995,4.6399450216169855,2.0770404830848075,2.8116910901964047
1.15,0.6,0.2,0.0,9.125,0.7453850269421409,-0.7453850269421409,0.15623805223117915,1.4789622998429608,1.344282124464499,1.6215327789689546,0.25340342358773066,6.39901685624845,4.726897429200626,2.1797975290012093,2.8817682411731127
1.0,0.2,0.3,0.0,4.9375,0.6934466864647844,-0.6934466864647844,0.09869470112460045,1.3828763699598512,1.2270775783937586,1.4708020308062129,0.21900416165444186,6.715863386774056,4.8800919121853115,1.8047881942583102,2.8911584680834834
1.15,0.4,0.0,0.2,5.0,0.7075002253338052,-0.7075002253338052,0.19098253125006764,1.4088754168675397,1.3751297870199024,1.5568585346863268,0.23807756515801842,6.5392912333129685,4.795439788793645,2.140882545223326,2.8969252857214776
1.15,0.0,0.2,0.6,1.625,0.6679608581907898,-0.6679608581907898,0.23844341859148754,1.3357275876529613,1.3879434185914874,1.4808198711180554,0.2222838269448486,6.661842615681911,4.848484655084562,2.0552941942377996,2.8992663746691374
1.0,0.4,0.0,0.0,5.0,0.7128465406947897,-0.7128465406947897,0.12098253125006767,1.418766100285361,1.2316297870199024,1.5107820773846046,0.2173852173187709,6.949792152468276,5.0461386261889905,1.8607242082026862,2.9809219258515283
1.0,0.0,0.3,0.2,2.4375,0.6674183704744052,-0.6674183704744052,0.11126077838728139,1.3347239853776498,1.2332607783872813,1.421898836990832,0.19914418275156093,7.140047062106246,5.138695183315852,1.7535720664952836,2.99587552575746
1.0,0.2,0.0,0.2,2.5,0.6724007120327701,-0.6724007120327701,0.13980702325584246,1.3439413172606247,1.2381899005250008,1.4335730268881537,0.19974419488556944,7.177044758219016,5.166829652253215,1.7750356435579673,3.0131312301046322
1.0,0.0,0.0,0.6,0.0,0.6430604063124246,-0.6430604063124246,0.21,1.2896617516779856,1.2479999999999998,1.3792158637145049,0.18972367738254103,7.269603260607179,5.207967671694744,1.7212613979157019,3.016226384614819
1.15,0.6,0.1,0.0,8.3125,0.7723071938262923,-0.7723071938262923,0.15390275766287614,1.528768308578641,1.3499468298961959,1.678564843083843,0.2445475344216429,6.863961425960248,5.049072621953506,2.265973288696239,3.048952468579985
1.15,0.0,0.3,0.4,2.4375,0.6951554995407102,-0.6951554995407102,0.18126077838728138,1.386037674150314,1.3767607783872813,1.5322549713866653,0.21555222453747444,7.108509200842313,5.156820220532837,2.1095485470940867,3.0562421904965587
1.15,0.2,0.0,0.4,2.5,0.7001378410990751,-0.7001378410990751,0.20980702325584247,1.3952550060332891,1.3816899005250007,1.5443703344820485,0.21615223667148292,7.1448269898277585,5.184667160456761,2.1338408938242637,3.0734703919847584
0.85,0.0,0.1,0.2,0.8125,0.6297600644036913,-0.6297600644036913,0.08452161277265202,1.265056119146829,1.0950216127726518,1.298714267499817,0.16956797883484304,7.658959412170311,5.432873611535638,1.422120191728503,3.0758907822274715
1.15,0.4,0.3,0.0,7.437499999999999,0.7656244836750414,-0.7656244836750414,0.13648991277918826,1.516405294798827,1.3506371685490228,1.6652835513023088,0.23839262128606756,6.985466002758506,5.123402144748837,2.2491938605622117,3.0791924691820847
1.15,0.2,0.2,0.2,4.125,0.7244931883083855,-0.7244931883083855,0.16068244545145827,1.4403123983705133,1.3705653227206165,1.5897567504123022,0.222513492750458,7.14454090294275,5.200366449557094,2.1788654736761157,3.093523747702096
1.0,0.0,0.1,0.4,0.8125,0.6574971934699964,-0.6574971934699964,0.154521612772652,1.3163698079194934,1.238521612772652,1.404284949804745,0.18597602062075652,7.550892556564438,5.399579894198546,1.7392372608245352,3.111384567827627
0.85,0.0,0.3,0.0,2.4375,0.6727646858353896,-0.6727646858353896,0.0412607783872814,1.344614668795471,1.0897607783872811,1.3784088934000414,0.17845183491231342,7.724262931100459,5.5032140179053135,1.5021359486075798,3.133021256323555
0.85,0.2,0.0,0.0,2.5,0.6777470273937545,-0.6777470273937545,0.06980702325584247,1.353832000678446,1.0946899005250006,1.3897263815705512,0.17905184704632193,7.761586403579626,5.53143539587645,1.5213194343984358,3.150232012889922
1.0,0.2,0.2,0.0,4.125,0.72983950366937,-0.72983950366937,0.09068244545145826,1.4502030817883347,1.2270653227206165,1.5424045144058107,0.2018211449112105,7.642432685060718,5.507422825331501,1.892631093235102,3.2032273352390375
1.15,0.6,0.0,0.0,7.5,0.8028754858049297,-0.8028754858049297,0.15086125655528076,1.5853196487391201,1.3549053287886006,1.7428583982669403,0.23411664180566544,7.444402007584086,5.448861744323086,2.3614081311358426,3.2541310837710316
0.7,0.0,0.1,0.0,0.8125,0.6351063797646757,-0.6351063797646757,0.014521612772652027,1.2749468025646502,0.951521612772652,1.2576407404237306,0.14887563099559556,8.44759301447352,5.931109718556094,1.1966723456165804,3.275328399392148
1.15,0.4,0.2,0.0,6.625,0.7919424817561137,-0.7919424817561137,0.13248800494587032,1.5650935912488104,1.354635260715705,1.720504055906371,0.2271516381043391,7.574253350161094,5.5254410971719405,2.3306554603351546,3.2824642887816493
1.15,0.0,0.1,0.6,0.8125,0.7281667860771002,-0.7281667860771002,0.224521612772652,1.4471085542426354,1.382021612772652,1.6019000424923198,0.19682430837813664,8.138730707056608,5.850839974459107,2.2138604802258155,3.398907488941373
1.15,0.2,0.1,0.2,3.3125,0.7696269873880057,-0.7696269873880057,0.15105470053907008,1.5238099266678107,1.3689375778082282,1.6812233348155985,0.20263500579172192,8.29680601457204,5.981352076657286,2.301489799717137,3.482315823077286
1.0,0.0,0.2,0.2,1.625,0.7195541365173808,-0.7195541365173808,0.09844341859148753,1.4311751525571546,1.2284434185914874,1.5227190650040925,0.1756024974015551,8.671397545799412,6.16936007752105,1.8705742137680608,3.5027065230077903
1.15,0.0,0.2,0.4,1.625,0.7472912655836859,-0.7472912655836859,0.16844341859148754,1.482488841329819,1.3719434185914874,1.636881392276844,0.19201053918746858,8.524955969623536,6.114129867552194,2.245708653149087,3.5301245504240746
1.15,0.4,0.1,0.0,5.8125,0.8246208244244702,-0.8246208244244702,0.12738715993511254,1.62554852518527,1.3575344157049472,1.7882815969878731,0.21367620354234812,8.369119103304625,6.0658259760937625,2.427653812882842,3.5533716558059494
1.0,0.2,0.1,0.0,3.3125,0.7749733027489902,-0.7749733027489902,0.08105470053907009,1.533700610085632,1.2254375778082283,1.6305116602594298,0.1819426579524744,8.961678798192224,6.395770299915746,1.9980902595363885,3.640769935645022
0.85,0.0,0.2,0.0,1.625,0.7249004518783653,-0.7249004518783653,0.028443418591487538,1.441065835974976,1.0849434185914872,1.475340372361448,0.1549101495623076,9.523845768207977,6.706868879661692,1.600660827175867,3.71876645997745
1.0,0.0,0.0,0.4,0.0,0.7223908137053207,-0.7223908137053207,0.13999999999999999,1.4364230053548435,1.232,1.5297330437826944,0.15945038962516095,9.593786803398977,6.771367987533279,1.8846311099402795,3.783187880588569
1.15,0.2,0.3,0.0,4.9375,0.8434466864647843,-0.8434466864647843,0.09869470112460045,1.660376369959851,1.3545775783937586,1.8252213950549745,0.19957916165444187,9.145350546242021,6.583305343326555,2.4724039773460453,3.8033973616233774
0.85,0.0,0.0,0.2,0.0,0.6946536846390156,-0.6946536846390156,0.06999999999999999,1.3851093165821788,1.0884999999999998,1.4194323254470853,0.14304234783924746,9.923161545434494,6.946856318438901,1.5450520862491521,3.8121944465050346
1.15,0.4,0.0,0.0,5.0,0.8628465406947896,-0.8628465406947896,0.12098253125006767,1.696266100285361,1.3591297870199024,1.8668364116162384,0.1979602173187709,9.43036149839194,6.783127718020444,2.537272974520977,3.909139463321281
1.15,0.0,0.3,0.2,2.4375,0.8174183704744051,-0.8174183704744051,0.11126077838728139,1.6122239853776497,1.3607607783872813,1.7750795957495056,0.1797191827515609,9.876962317391177,7.041303364816592,2.4154586924114776,3.9998474058464084
1.15,0.2,0.0,0.2,2.5,0.82240071203277,-0.82240071203277,0.13980702325584246,1.6214413172606246,1.3656899005250007,1.7874658371851504,0.18031919488556947,9.912787367531648,7.068924831910374,2.441124041377225,4.01703613701722
1.15,0.0,0.0,0.6,0.0,0.7930604063124245,-0.7930604063124245,0.21,1.5671617516779854,1.3754999999999997,1.7319331382494088,0.17029867738254104,10.16997410002766,7.216659763405273,2.382274031662061,4.069049546254925
0.7,0.0,0.0,0.0,0.0,0.7,-0.7,0.0,1.395,0.945,1.3735169999999999,0.12234999999999999,11.226129955046996,7.777715420780548,1.2979735649999997,4.163995786514099
1.15,0.0,0.1,0.4,0.8125,0.8074971934699963,-0.8074971934699963,0.154521612772652,1.5938698079194933,1.3660216127726519,1.7572192312599058,0.16655102062075655,10.550636223726094,7.4729402763629285,2.400399448280776,4.194106380558187
1.15,0.2,0.2,0.0,4.125,0.8798395036693699,-0.8798395036693699,0.09068244545145826,1.7277030817883345,1.3545653227206165,1.8992264900010463,0.1823961449112105,10.412646006995267,7.43294917604729,2.5726263433478107,4.218645122057497
1.0,0.0,0.1,0.2,0.8125,0.7797600644036913,-0.7797600644036913,0.08452161277265202,1.542556119146829,1.222521612772652,1.6386667002657942,0.150142978834843,10.914041488868584,7.667660312857608,2.0033054572057787,4.230021378343344
1.0,0.0,0.3,0.0,2.4375,0.8227646858353896,-0.8227646858353896,0.0412607783872814,1.622114668795471,1.2172607783872813,1.720792799556732,0.1590268349123134,10.820769969455586,7.635777959990987,2.0946535826316564,4.240551930292769
1.0,0.2,0.0,0.0,2.5,0.8277470273937545,-0.8277470273937545,0.06980702325584247,1.631332000678446,1.2221899005250008,1.7328223392655646,0.15962684704632193,10.855456781419223,7.662534726665442,2.1178379624544794,4.257256509319806
0.85,0.0,0.1,0.0,0.8125,0.7851063797646757,-0.7851063797646757,0.014521612772652027,1.55244680256465,1.0790216127726517,1.5867963205877234,0.12945063099559556,12.257926503592808,8.523030939541028,1.7121875249822749,4.59171567819353
1.15,0.0,0.2,0.2,1.625,0.8695541365173807,-0.8695541365173807,0.09844341859148753,1.7086751525571544,1.3559434185914874,1.8789688215749414,0.1561774974015551,12.03098303428335,8.477778059835407,2.5477754073531447,4.694707072181313
1.15,0.2,0.1,0.0,3.3125,0.9249733027489901,-0.9249733027489901,0.08105470053907009,1.811200610085632,1.3529375778082282,1.9901880218351862,0.16251765795247441,12.24598020245396,8.65645293923739,2.6926001616446458,4.811555901553844
1.0,0.0,0.2,0.0,1.625,0.8749004518783652,-0.8749004518783652,0.028443418591487538,1.7185658359749758,1.2124434185914874,1.8207932763303127,0.13548514956230756,13.439061640426928,9.372667712993113,2.2076088245023193,5.073137383230681
1.15,0.0,0.0,0.4,0.0,0.8723908137053206,-0.8723908137053206,0.13999999999999999,1.7139230053548433,1.3595,1.8864464950738618,0.14002538962516098,13.472174582936413,9.41716975218452,2.5646240100529147,5.131014594966266
1.0,0.0,0.0,0.2,0.0,0.8446536846390156,-0.8446536846390156,0.06999999999999999,1.662609316582179,1.216,1.7631639280490692,0.12361734783924745,14.263078434119905,9.888108356995112,2.144007336507668,5.293287154151452
1.15,0.0,0.3,0.0,2.4375,0.9727646858353896,-0.9727646858353896,0.0412607783872814,1.899614668795471,1.3447607783872813,2.0829902057134215,0.1396018349123134,14.920937156891869,10.427655723979413,2.801123530408264,5.657106048986329
1.15,0.2,0.0,0.0,2.5,0.9777470273937544,-0.9777470273937544,0.06980702325584247,1.9088320006784458,1.3496899005250007,2.0957317969605773,0.14020184704632194,14.947961393605313,10.449681034779656,2.8285880405668027,5.671796676053638
1.15,0.0,0.1,0.2,0.8125,0.9297600644036912,-0.9297600644036912,0.08452161277265202,1.820056119146829,1.3500216127726519,1.998432633031771,0.13071797883484304,15.28812372134908,10.636731840438022,2.6979272462630486,5.727777421193884
0.85,0.0,0.0,0.0,0.0,0.85,-0.85,0.0,1.6725,1.0724999999999998,1.70645175,0.10292499999999999,16.579565217391306,11.373975503804349,1.8301695018749997,5.944825265217392
1.0,0.0,0.1,0.0,0.8125,0.9351063797646757,-0.9351063797646757,0.014521612772652027,1.8299468025646501,1.206521612772652,1.9357654007517167,0.11002563099559556,17.5937677724312,12.113466942343381,2.33554279326446,6.373680690910645
1.15,0.0,0.2,0.0,1.625,1.024900451878365,-1.024900451878365,0.028443418591487538,1.9960658359749757,1.3399434185914874,2.186059680299178,0.11606014956230759,18.835575247346885,13.008244798880188,2.9291962812650945,6.879823026894214
1.0,0.0,0.0,0.0,0.0,1.0,-1.0,0.0,1.9500000000000002,1.2,2.0592,0.08349999999999996,20.0,13.72072,2.47104,7.1536800000000005
1.15,0.0,0.0,0.2,0.0,0.9946536846390155,-0.9946536846390155,0.06999999999999999,1.9401093165821788,1.3435,2.1267090306510528,0.10419234783924747,20.0,13.744348160727869,2.8572335826796893,7.201406664956274
1.15,0.0,0.1,0.0,0.8125,1.0851063797646756,-1.0851063797646756,0.014521612772652027,2.1074468025646502,1.3340216127726519,2.30454798091571,0.09060063099559554,20.0,13.806591793320498,3.074316814213134,7.284688391246883
1.15,0.0,0.0,0.0,0.0,1.15,-1.15,0.0,2.2275,1.3275,2.4317617499999997,0.064075,20.0,13.8511166125,3.2281637231249993,7.344329699999999
