score,net_electric,TBR,fail_rate,wall_load,wall_temp,bootstrap,blanket_model,blanket_attenuation,blanket_front_heating_frac,capex_billion,annual_revenue_musd,annual_cost_musd
970127.5945188346,2442.7980244639243,1.4000000000000001,0.0,6.9635998581691965,70.86224297079808,0.7377984901403873,openmc_dataset,0.1551014048252319,0.2921838368007636,14.675197376009915,1251836.2756167827,1320.7677638408923
926184.5182705055,1809.8232756948273,1.4000000000000001,0.0,5.829043096676475,136.09550254457338,0.276527611886695,openmc_dataset,0.0539288745774948,0.1794368695760611,13.030546019311517,927462.0358625713,1172.7491417380365
904097.5732516806,1766.408817718843,1.4000000000000001,0.0,5.882964052901744,55.50048758841269,0.6115485660402205,openmc_dataset,0.0539288745774948,0.1794368695760611,12.472756709404809,905213.8627281984,1122.548103846433
902487.5813651931,1832.2395525122718,1.4000000000000001,0.0,6.322679445418413,221.66434473447498,0.85,openmc_dataset,0.0940643391478131,0.0673825247520502,12.588633184903891,938949.4810804387,1132.97698664135
891337.2199674706,1741.8578420459617,1.4000000000000001,0.0,5.465785483798805,85.50160728095888,0.5051363987280567,openmc_dataset,0.116170791205715,0.2205965740471138,12.946895721697,892632.4697348734,1165.22061495273
890058.0187749264,1816.4801209612574,1.4000000000000001,0.0,6.344634174694679,150.95015677893673,0.85,openmc_dataset,0.2095937169426268,0.4595982099172934,12.857052379212321,930873.402787806,1157.134714129109
880101.1342996259,1719.858221699257,1.4000000000000001,0.0,5.8646525604371185,101.06741433077579,0.3002957260016746,openmc_dataset,0.3195062927183861,0.1047437492145291,13.027323940463456,881358.5442920012,1172.459154641711
876294.0535408847,1740.7944596802558,1.4000000000000001,0.0,6.22095210288074,104.05388104539782,0.4811821059002089,openmc_dataset,0.1487543753557728,0.200797212756633,12.667371989637445,892087.5288077439,1140.06347906737
874999.6591920131,1783.1520704375039,1.4000000000000001,0.0,6.34606207109122,133.15975013452433,0.7292643929638979,openmc_dataset,0.6606909270370473,0.1090683656491526,12.90207231147677,913794.1100164033,1161.1865080329094
868516.0140341377,2070.6066808710343,1.4000000000000001,0.0,6.798545702617919,144.8524039787663,0.28158230406979223,openmc_dataset,0.1216002734786224,0.1938963211485161,13.747443601400603,1061103.0996791702,1237.2699241260543
866058.3253365458,1727.3354734030233,1.4000000000000001,0.0,6.245045876992487,168.3209531007879,0.4968226405670027,openmc_dataset,0.239601360247685,0.1945378496259082,12.20580684859379,885190.3367001134,1098.522616373441
864150.5258201433,1703.2226745420617,1.4000000000000001,0.0,6.158995729454297,131.06004531461275,0.2341756701680179,openmc_dataset,0.0706174053522328,0.1162649216536859,12.42099625716625,872833.491795825,1117.8896631449625
847915.605091158,1656.7162649421825,1.4000000000000001,0.0,5.831602217113955,92.63830893935675,0.3808705856846399,openmc_dataset,0.1728712773436662,0.0623965700406681,12.198287768073017,849000.8171322709,1097.8458991265716
843681.8230170653,1648.426646890291,1.4000000000000001,0.0,5.30685767699526,74.57653925690836,0.3303520364154465,openmc_dataset,0.1551014048252319,0.2921838368007636,11.887688790025278,844752.7194653985,1069.8919911022751
843066.8708029296,1647.6240138841893,1.4000000000000001,0.0,5.124566435858198,169.82901319278088,0.5638593037476944,openmc_dataset,0.239601360247685,0.1945378496259082,11.958480528830853,844341.4021550915,1076.2632475947767
836605.9011813462,1785.1990290192575,1.4000000000000001,0.0,6.50692217916162,136.1866594696154,0.4634778566982323,openmc_dataset,0.0982297742657773,0.2247484034342099,12.289249618119632,914843.0944112088,1106.0324656307669
834002.9460642072,1790.8228641819849,1.4000000000000001,0.0,6.510680674829154,85.82269724795353,0.85,openmc_dataset,0.0869382240381506,0.0792700402097881,13.105033918662961,917725.0849786999,1179.4530526796666
833436.5823031006,1631.7861914936218,1.4000000000000001,0.0,6.075115629718971,115.59566281763298,0.6383391016466957,openmc_dataset,0.0706174053522328,0.1162649216536859,12.01929349932525,836225.1516928214,1081.7364149392727
814451.7186373164,2308.3966885096515,1.4000000000000001,0.0,7.100039970278811,150.28627971340543,0.7986595491140722,openmc_dataset,0.0982363434691065,0.6107389593344842,14.082912231057973,1182960.9669936562,1267.4621007952178
812067.76966515,1587.043634706059,1.4000000000000001,0.0,5.8856644242272464,209.00031046747932,0.32122136436739274,openmc_dataset,0.0539288745774948,0.1794368695760611,12.706535692907858,813296.381041467,1143.588212361707
811510.5337153621,1585.5929250744673,1.4000000000000001,0.0,5.411852010556689,159.905510612603,0.5476419356593266,openmc_dataset,0.0552893260349023,0.2971869109839704,11.61527508716809,812552.9503836615,1045.3747578451282
807095.0461229185,1577.0990549425535,1.4000000000000001,0.0,5.374312950485299,187.9969216378709,0.32955262245465294,openmc_dataset,0.0687217396772568,0.0740280747505053,12.21771389534318,808200.1816958609,1099.5942505808862
801769.425340458,1566.7799377445554,1.4000000000000001,0.0,5.082818338026545,76.04768332709834,0.3364416809069961,openmc_dataset,0.114379281210407,0.0785297289990186,12.21738350706498,802912.0468965748,1099.5645156358482
800168.8782303913,1924.17835741981,1.4000000000000001,0.0,6.784604166960032,131.92837290176124,0.5881731521635352,openmc_dataset,0.0889233981704377,0.0794333560745966,13.30281416502972,986064.4410433561,1197.2532748526748
795876.5562664845,1619.5798708019868,1.4000000000000001,0.0,6.33144929064462,85.77407779632811,0.19318444734720872,openmc_dataset,0.0678217990521806,0.1129734051666973,12.468866934101962,829969.9005911861,1122.1980240691767
790497.5187266894,1552.7150748391782,1.4000000000000001,0.0,5.752680216175976,127.66432355219484,0.85,openmc_dataset,0.1286499479745286,0.3298779659309112,11.717137903890105,795704.3672520854,1054.5424113501094
786521.8100294176,2678.50140905989,1.4000000000000001,0.0,7.394129161700392,57.004188240401064,0.7164468012625524,openmc_dataset,0.2725761607955319,0.1774708558522572,15.866492348108657,1372624.832086831,1427.984311329779
782135.1366678646,1891.422793595837,1.4000000000000001,0.0,6.7782918543346105,153.70032952848442,0.85,openmc_dataset,0.079805832207681,0.0624429501506388,12.938809171787444,969278.5248061228,1164.4928254608699
781476.9673225118,1534.9476051865129,1.4000000000000001,0.0,5.942316259265152,63.443669675923275,0.85,openmc_dataset,0.0940643391478131,0.0673825247520502,11.295201489359368,786599.2497538805,1016.5681340423431
772175.2817950164,1510.253334023447,1.4000000000000001,0.0,5.48804625851212,125.0875459595415,0.684281459154103,openmc_dataset,0.079805832207681,0.0624429501506388,11.90784927449273,773944.4235536555,1071.7064347043456
767947.4713402902,1500.8828624311393,1.4000000000000001,0.0,5.661096971659132,93.58408350203126,0.19722613373269102,openmc_dataset,0.1142217361304362,0.1925862189580392,11.96197896597852,769142.4316814615,1076.5781069380669
767405.6567727241,1499.9251612772523,1.4000000000000001,0.0,4.781263985447269,156.23185815687646,0.48030224998921045,openmc_dataset,0.3414922565378974,0.2153340938260472,11.94794000114158,768651.6481481409,1075.3146001027421
765371.5106764238,1495.566642720432,1.4000000000000001,0.0,5.795492545569433,162.60830815078904,0.15928165565175273,openmc_dataset,0.2983910917836504,0.1027979625552614,11.729063775707944,766418.0817285124,1055.615739813715
758809.3539828133,1483.3778077428149,1.4000000000000001,0.0,4.713320340086943,91.43741607105716,0.5218912100008558,openmc_dataset,0.084319041950262,0.0654262751704322,11.96040070109045,760171.7913558829,1076.4360630981405
751083.4443366631,1475.5446481859944,1.4000000000000001,0.0,5.533255916641682,89.731213916085,0.85,openmc_dataset,0.0682841908166611,0.0739893362067405,11.094432750470153,756157.6104093946,998.4989475423138
750320.9421003934,1474.2131510817387,1.4000000000000001,0.0,5.676051462121382,35.99907620590245,0.85,openmc_dataset,0.0918939497824579,0.2630643206186732,11.386295651038376,755475.2714033477,1024.7666085934538
745154.9551517698,1781.94145731399,1.4000000000000001,0.0,6.736430921371387,55.87202385742907,0.85,openmc_dataset,0.0605561256895082,0.2142144667026164,12.463455600315278,913173.7192151273,1121.711004028375
740004.1815394452,2661.9879946900637,1.4000000000000001,0.0,7.440697724345835,93.34350874764979,0.5139476861468204,openmc_dataset,0.1266115809599953,0.2361883701238906,15.120784770424297,1364162.3677588701,1360.870629338187
739437.8876235349,1514.4797292986298,1.4000000000000001,0.0,6.344406313670301,225.8186261197395,0.6222472094454068,openmc_dataset,0.0770123397634421,0.2228165727563542,12.01857640560122,776110.2820763757,1081.6718765041098
738613.1197133763,1443.5921104513448,1.4000000000000001,0.0,4.48356389490809,29.83347820316636,0.4774317935402052,openmc_dataset,0.239601360247685,0.1945378496259082,11.392563800514914,739783.2129218963,1025.3307420463423
738082.7582514018,1442.875021416918,1.4000000000000001,0.0,4.145228350992235,102.84601910756767,0.4316683896326632,openmc_dataset,0.0896542534974534,0.3180598481999513,12.00206295651391,739415.7334753139,1080.1856660862518
736841.6758663433,1439.9327415926068,1.4000000000000001,0.0,5.919060160118951,50.72909447072317,0.44493896772286995,openmc_dataset,0.1070616617147551,0.0757746494060473,10.755508919261418,737907.9327565474,967.9958027335276
736381.0311206074,1438.911158989659,1.4000000000000001,0.0,5.113998808075319,119.49220238537899,0.2386465740555205,openmc_dataset,0.2297618230760175,0.4439236590537256,11.18448031564349,737384.4125358409,1006.6032284079142
735584.7930357392,1517.1414144127004,1.4000000000000001,0.0,6.367541266468642,55.35646946378548,0.3919908553886083,openmc_dataset,0.0976949782986875,0.0802107524126594,12.481047534480686,777474.2892299326,1123.2942781032616
732293.4903487703,1431.4692295171146,1.4000000000000001,0.0,5.896334635643731,190.20027519274444,0.44340764700457386,openmc_dataset,0.1728712773436662,0.0623965700406681,11.89093871214996,733570.7213583406,1070.1844840934964
728717.0272782044,1432.000857819167,1.4000000000000001,0.0,5.788153907399535,52.89839344553037,0.85,openmc_dataset,0.1286499479745286,0.3298779659309112,11.068561112717337,733843.1595980104,996.1705001445603
725997.8379662263,1420.5606218799055,1.4000000000000001,0.0,5.310979360056929,58.108842915005276,0.6880985671220007,openmc_dataset,0.2297618230760175,0.4439236590537256,11.644590059329053,727980.4962885764,1048.0131053396149
724995.7051773458,1447.7704541218397,1.4000000000000001,0.0,6.199317867220161,141.19579056819964,0.85,openmc_dataset,0.0552893260349023,0.2971869109839704,11.052698273135277,741924.4469192781,994.7428445821752
724520.4150850992,1538.3237460823002,1.4000000000000001,0.0,6.457388175176377,81.00837069140734,0.4859575798780668,openmc_dataset,0.3414922565378974,0.2153340938260472,11.83657091064804,788329.3869173354,1065.2913819583237
720343.0368922816,1415.9722891535757,1.4000000000000001,0.0,6.031546790547891,63.60603463360326,0.85,openmc_dataset,0.0706174053522328,0.1162649216536859,10.90838425341058,725629.1592996415,981.7545828069522
710021.7321816952,1436.815379980208,1.4000000000000001,0.0,6.290027747543211,193.4208326914523,0.41275175150667365,openmc_dataset,0.2095937169426268,0.4595982099172934,11.429858273570735,736310.4096246575,1028.687244621366
705920.7872194488,1380.0756513822769,1.4000000000000001,0.0,5.550533692476975,148.98425864856176,0.27927438963686896,openmc_dataset,0.239601360247685,0.1945378496259082,11.711318911384978,707233.5683073617,1054.018702024648
701697.6535984454,1371.247180093892,1.4000000000000001,0.0,5.5533487017400445,118.32719548958758,0.603923682761512,openmc_dataset,0.0940643391478131,0.0673825247520502,11.34558457605577,702709.3299109158,1021.1026118450195
696969.6559054735,1392.3579701888937,1.4000000000000001,0.0,6.196281547511342,48.498769921901925,0.85,openmc_dataset,0.0806057459189284,0.4039131836702684,10.904859161727023,713527.7654030005,981.437324555432
693520.3604760345,1355.1453634882953,1.4000000000000001,0.0,5.418523390144807,151.28878898516126,0.49420484575627904,openmc_dataset,0.0581505013825564,0.1124196129031784,10.48981018334528,694457.792973212,944.0829165010753
690584.2845527078,1390.9968594341842,1.4000000000000001,0.0,6.266346326280853,107.72786253344796,0.20894420522129595,openmc_dataset,0.1728712773436662,0.0623965700406681,10.74490150960255,712830.2505856421,967.0411358642295
689553.6488232178,1420.0767110533798,1.4000000000000001,0.0,6.352091031290918,145.52828482925923,0.2912647178295261,openmc_dataset,0.1286499479745286,0.3298779659309112,11.075222077771937,727732.5113464152,996.7699869994742
684780.4280421623,1559.7872691873984,1.4000000000000001,0.0,6.6149727216235545,220.60620351559842,0.4129734551507165,openmc_dataset,0.2983910917836504,0.1027979625552614,12.106421407697368,799328.5839677742,1089.577926692763
677512.3885950998,1324.3925130560335,1.4000000000000001,0.0,4.9099059250518,59.603254306336694,0.44323255581285304,openmc_dataset,0.0606558384652823,0.0995609388249531,11.741556474543236,678698.187240695,1056.7400827088914
670893.7494923883,1311.1048639954568,1.4000000000000001,0.0,5.906312980350984,149.33527909230526,0.6419893487083945,openmc_dataset,0.1411179247048565,0.4711935139023634,10.777755724753241,671888.7986031118,969.9980152277918
658061.3308097275,1293.8343960652824,1.4000000000000001,0.0,5.11176155006517,155.93430379618806,0.85,openmc_dataset,0.3195062927183861,0.1047437492145291,10.375016783631441,663038.3746076147,933.7515105268296
657762.0213295828,1285.7349536858164,1.4000000000000001,0.0,5.483941788183636,115.30783303225103,0.2844228752927053,openmc_dataset,0.2020503227290214,0.3011095775633933,11.591348113090586,658887.7343658336,1043.2213301781526
656008.3613779353,1868.9071849482063,1.4000000000000001,0.0,7.000825464621911,79.64495993091091,0.24068747320404185,openmc_dataset,0.1487543753557728,0.200797212756633,13.278003177085198,957740.1759985579,1195.0202859376677
651293.8072983708,1273.174544035003,1.4000000000000001,0.0,3.5791874469486626,121.42562291645497,0.33665868020732065,openmc_dataset,0.1111213652911407,0.1579941592742685,11.146198195122956,652451.0268361777,1003.1578375610661
648526.3700190042,1267.3685629903066,1.4000000000000001,0.0,4.816313029222701,35.99819175577849,0.34539956115589837,openmc_dataset,0.076880930822367,0.4064601834974106,10.585360596768304,649475.6937900126,952.6824537091472
646936.030475788,1272.203757176446,1.4000000000000001,0.0,5.253189633527261,68.81964920247378,0.85,openmc_dataset,0.0896542534974534,0.3180598481999513,10.55748138555664,651953.5374026415,950.1733247000977
645862.3855222989,1270.1692342683662,1.4000000000000001,0.0,6.0119519732336215,76.65237870419787,0.85,openmc_dataset,0.0581505013825564,0.1124196129031784,10.4207507224084,650910.925793167,937.867565016756
644207.4212825055,2531.9916467993494,1.4000000000000001,0.0,7.4738875759348655,48.40664948658849,0.38120845641239287,openmc_dataset,0.0625434269839358,0.4819087463837508,15.92437741978523,1297544.4393187945,1433.1939677806708
643207.6947971876,1259.638928179633,1.4000000000000001,0.0,5.231433721519473,141.68943624209982,0.7146160122885491,openmc_dataset,0.2297618230760175,0.4439236590537256,10.469528844834391,645514.5651349347,942.2575960350952
638334.5199656013,1247.820217240698,1.4000000000000001,0.0,5.875746370551775,44.42819968902607,0.6582257831779263,openmc_dataset,0.0588916468354164,0.1778423558465827,10.194534683589701,639457.9485271682,917.5081215230732
637937.9181606362,2277.9540627785645,1.4000000000000001,0.0,7.326683162671478,73.4726118617127,0.3838637017319671,openmc_dataset,0.1286499479745286,0.3298779659309112,14.740744769626588,1167360.3390115032,1326.667029266393
632866.3082707945,1929.059256686486,1.4000000000000001,0.0,7.086863603742409,129.56169482213235,0.4821814645838752,openmc_dataset,0.1142217361304362,0.1925862189580392,13.531679064913744,988565.7066815567,1217.851115842237
627579.9885003346,1226.41933005818,1.4000000000000001,0.0,5.294626516418347,105.53738445390098,0.5439684984137187,openmc_dataset,0.1529146527737298,0.3777032448746892,10.131274058980111,628490.849881615,911.8146653082099
625738.7158496612,1230.7239829709567,1.4000000000000001,0.0,4.612302936519994,148.2892845282722,0.85,openmc_dataset,0.6606909270370473,0.1090683656491526,10.269007882433922,630696.8123132965,924.2107094190529
624829.7744145831,1247.43020878092,1.4000000000000001,0.0,6.177975010924568,113.20407348948159,0.85,openmc_dataset,0.6683393349217865,0.2391436457750224,10.195022348407901,639258.0847918703,917.5520113567111
624493.7753209919,1227.9293476851556,1.4000000000000001,0.0,5.000159356634757,102.18953192335205,0.8405558726575285,openmc_dataset,0.1811537015108027,0.2371992497212182,10.261554415304657,629264.673514735,923.5398973774193
623868.3215336227,1219.2322317994413,1.4000000000000001,0.0,4.559648796171464,113.694071847095,0.5169436093830603,openmc_dataset,0.1286499479745286,0.3298779659309112,10.192138489207432,624807.7495079417,917.2924640286687
623070.5445076159,1217.7357731122358,1.4000000000000001,0.0,5.83462031381191,133.16264223393276,0.28967514667207217,openmc_dataset,0.2725761607955319,0.1774708558522572,10.783580732527366,624040.8742890964,970.522265927463
622767.8407415417,2092.6575574660556,1.4000000000000001,0.0,7.217951642216736,227.1869173088258,0.8049898313966086,openmc_dataset,0.1830767746185719,0.4392656006219743,14.312967530979511,1072403.291899055,1288.167077788156
622491.95601779,1216.619321924509,1.4000000000000001,0.0,5.156850527340144,180.81763900629983,0.3958264358719402,openmc_dataset,0.3144414629738908,0.1892413383077825,10.803960979006302,623468.7377134339,972.3564881105672
621417.3933218766,1214.909194645272,1.4000000000000001,0.0,4.73149515848742,126.81581798830952,0.4268335267244699,openmc_dataset,0.1411179247048565,0.4711935139023634,11.149634491347623,622592.3658879161,1003.467104221286
616749.3172580836,1205.4797094101807,1.4000000000000001,0.0,5.7778221575252005,72.88953790028052,0.4266714810837853,openmc_dataset,0.1574843018854997,0.1083836889075305,10.864812115911285,617760.1318843414,977.8330904320158
616168.9650714304,1204.4129563959675,1.4000000000000001,0.0,4.90502560697421,168.40078953582355,0.6334270056895368,openmc_dataset,0.6683393349217865,0.2391436457750224,11.079405558983503,617213.4636346776,997.1465003085152
615195.9858933836,1210.0353816808408,1.4000000000000001,0.0,5.961834094690121,89.9296911539705,0.85,openmc_dataset,0.2214277981354602,0.2427467163936301,9.884148930585495,620094.7316961637,889.5734037526945
614062.7230540434,1200.0641749579806,1.4000000000000001,0.0,4.36634557910129,137.98228064015956,0.5222073329456041,openmc_dataset,0.2216440567354621,0.1744962783826188,10.368284504043062,614984.8870989666,933.1456053638756
609014.6096722955,1190.378584365109,1.4000000000000001,0.0,5.57361001690592,174.27724111870418,0.4079576343424706,openmc_dataset,0.2358922586251081,0.4150390923976803,11.018494919592069,610021.4093437438,991.6645427632862
608843.1495592068,1192.1402998612207,1.4000000000000001,0.0,5.004049113619679,171.11097882252696,0.23485770847332046,openmc_dataset,0.0982363434691065,0.6107389593344842,10.878637796345503,610924.2180668811,979.0774016710953
607513.6904238253,1187.2329574994546,1.4000000000000001,0.0,4.795044373474383,31.042598770698966,0.5459970118156382,openmc_dataset,0.1497821447359825,0.1197433525738467,10.002894333690456,608409.4014001705,900.260490032141
606362.5876856702,1192.9189976929267,1.4000000000000001,0.0,5.582978912962716,130.69039821482946,0.85,openmc_dataset,0.2020503227290214,0.3011095775633933,9.881224627113113,611323.2695577171,889.3102164401802
606227.7395943537,1192.6021127020692,1.4000000000000001,0.0,5.249825987420458,165.18829099646615,0.85,openmc_dataset,0.2991145733904731,0.3872639234616473,10.16769500188439,611160.8786753024,915.092550169595
605772.0769751398,1183.9912035716136,1.4000000000000001,0.0,4.943817180105398,113.05728090674741,0.2790528063462946,openmc_dataset,0.1830767746185719,0.4392656006219743,9.894945071616345,606748.132182309,890.5450564454711
601124.3678318841,1175.0394394809957,1.4000000000000001,0.0,5.518696200169322,183.155322929541,0.479323678293543,openmc_dataset,0.2095937169426268,0.4595982099172934,10.44142055850289,602160.7111564311,939.72785026526
600514.6448997193,1173.5213557860493,1.4000000000000001,0.0,4.824526592099547,101.16876756813656,0.3022999840193674,openmc_dataset,0.6606909270370473,0.1090683656491526,9.63918637864063,601382.753986119,867.5267740776567
597231.5947874765,1420.7069001361588,1.4000000000000001,0.0,6.657671929687369,214.12713055087121,0.4802850828677919,openmc_dataset,0.1551014048252319,0.2921838368007636,11.524138038272655,728055.4580437759,1037.172423444539
596519.4281989947,1166.2339113179396,1.4000000000000001,0.0,4.990796988544026,163.64691017419415,0.3666434393126795,openmc_dataset,0.1551014048252319,0.2921838368007636,10.756197304115613,597648.2301939914,968.0577573704052
596309.8433779516,1165.3757580061326,1.4000000000000001,0.0,4.26181012351987,65.01273994595223,0.5677224686672652,openmc_dataset,0.3414922565378974,0.2153340938260472,10.036149421083127,597208.4609478229,903.2534478974815
595465.5351718792,1216.576920860056,1.4000000000000001,0.0,6.297571403751458,153.8036128392972,0.6740842136267953,openmc_dataset,0.2297618230760175,0.4439236590537256,10.48635923613138,623447.0088639442,943.7723312518242
595113.9987397171,1163.2745071111883,1.4000000000000001,0.0,4.811729588314214,125.05939425450957,0.6114533611362379,openmc_dataset,0.1371381764383691,0.1336425833793121,10.593807524471565,596131.6539141996,953.4426772024409
594877.6810678358,1443.2968290151198,1.4000000000000001,0.0,6.692135258503369,152.41457988760678,0.33513725916896625,openmc_dataset,0.0539288745774948,0.1794368695760611,11.59226188955236,739631.8929970883,1043.3035700597125
593861.2440170253,1160.5650313204612,1.4000000000000001,0.0,4.944198222737885,69.43585313648543,0.44297604890424286,openmc_dataset,0.1487543753557728,0.200797212756633,9.788074261325853,594743.1559504835,880.9266835193268
593500.8493284157,1160.3763388539257,1.4000000000000001,0.0,2.961408561825881,96.2951475436206,0.5994366102316228,openmc_dataset,0.1106453663063821,0.0684737099660624,10.239243140681115,594646.4586090827,921.5318826613004
592462.0502143259,1164.869519737384,1.4000000000000001,0.0,4.122133451972017,50.622779158629825,0.8152364167708401,openmc_dataset,0.102116515625953,0.2245605244650363,9.997894347074391,596949.0340846197,899.8104912366953
589943.396191928,1152.9592905048003,1.4000000000000001,0.0,5.982609956814895,165.73376414733247,0.4866980871709959,openmc_dataset,0.1487543753557728,0.200797212756633,10.070399434633456,590845.51801209,906.3359491170111
589889.8097136995,1153.083811418542,1.4000000000000001,0.0,6.0144891132327905,175.30981026205063,0.48325401219082603,openmc_dataset,0.2095937169426268,0.4595982099172934,10.366770537696741,590909.329999546,933.0093483927067
588680.6952762491,1158.4765156966673,1.4000000000000001,0.0,5.692264322965364,101.05066588263418,0.85,openmc_dataset,0.6606909270370473,0.1090683656491526,9.883336700007199,593672.8752339144,889.500303000648
588009.9911860364,1149.4055378181752,1.4000000000000001,0.0,4.673510140346141,150.22083533553987,0.2006189024409052,openmc_dataset,0.1529146527737298,0.3777032448746892,10.882975759621276,589024.361910302,979.4678183659149
587774.5549281365,1148.829277515505,1.4000000000000001,0.0,4.912234380720449,62.344804353913666,0.22913173519302976,openmc_dataset,0.0889233981704377,0.0794333560745966,10.594329919378685,588729.0515555958,953.4896927440817
587610.8548388238,1153.745072448545,1.4000000000000001,0.0,5.537838466961233,183.52984273945663,0.7873459553040123,openmc_dataset,0.1497821447359825,0.1197433525738467,9.977744383209796,591248.1998269814,897.9969944888817
584397.4649860215,1901.1722919093131,1.4000000000000001,0.0,7.138336602788546,165.26987213863535,0.3769186800620049,openmc_dataset,0.1529146527737298,0.3777032448746892,12.636482549281492,974274.7527118465,1137.2834294353343
584358.921853302,1142.2685556781448,1.4000000000000001,0.0,5.690533531395309,55.25242831128923,0.48902262687121256,openmc_dataset,0.0896542534974534,0.3180598481999513,9.987645540509991,585366.9440428221,898.8880986458992
583818.7614247486,1146.0879247250202,1.4000000000000001,0.0,5.9791073737061,189.79438579860374,0.7766986567039419,openmc_dataset,0.2624920326700026,0.4903807722872729,9.847069496127107,587324.2179045839,886.2362546514397
581377.7639106661,1293.4185470199147,1.4000000000000001,0.0,6.5177723565268675,72.15663158116078,0.2644727443395282,openmc_dataset,0.1728712773436662,0.0623965700406681,11.182021763233173,662825.2686058255,1006.3819586909856
580266.5843103412,1134.2596186077433,1.4000000000000001,0.0,3.782629490484977,91.13208918664844,0.46140921273541813,openmc_dataset,0.1699056629935615,0.0603921377380106,10.164486741559573,581262.6841517242,914.8038067403616
579054.5332577983,1131.827207578118,1.4000000000000001,0.0,5.848783875451999,60.29085793191495,0.20827276612982745,openmc_dataset,0.0820874524379707,0.231701718409985,10.62079213303989,580016.1707954825,955.8712919735901
578698.8452961787,1202.904573803961,1.4000000000000001,0.0,6.329901815182917,195.59462008911845,0.85,openmc_dataset,0.0663090442541364,0.4668087379690344,10.506091732337401,616440.4778915779,945.5482559103662
576872.2867190251,1137.5606886222752,1.4000000000000001,0.0,3.7512706111385214,29.093358644799054,0.85,openmc_dataset,0.0982363434691065,0.6107389593344842,9.86758330074361,582954.3504913712,888.0824970669248
576701.021927428,1135.2607780363344,1.4000000000000001,0.0,5.227165529048195,169.8188075795252,0.85,openmc_dataset,0.0552893260349023,0.2971869109839704,10.607148956925261,581775.7383125,954.6434061232735
575814.463693245,1125.3767424854345,1.4000000000000001,0.0,5.905092948249771,200.6525151480588,0.5157595592663978,openmc_dataset,0.0989686251571368,0.2132591991157364,10.084225414762741,576710.5654540857,907.5802873286467
571479.5526625777,1124.9544116928294,1.4000000000000001,0.0,3.242047238552064,24.059669846561114,0.85,openmc_dataset,0.2095937169426268,0.4595982099172934,9.730741572401755,576494.1378161072,875.7667415161579
571066.9577391652,1157.498672003447,1.4000000000000001,0.0,6.265710666108169,118.35063213865624,0.48548090315385317,openmc_dataset,0.2991145733904731,0.3872639234616473,10.30357874443325,593171.7694548864,927.3220869989924
570717.9413591346,1463.1201129780166,1.4000000000000001,0.0,6.761409533768292,198.29046146180883,0.85,openmc_dataset,0.2358922586251081,0.4150390923976803,11.96897511725766,749790.5330967144,1077.2077605531895
569199.5617774966,1112.8688480202925,1.4000000000000001,0.0,4.958997399293462,40.94057571930452,0.6615362594703956,openmc_dataset,0.0631761323572562,0.3563295210262603,9.577409534494322,570300.769856479,861.9668581044889
567410.4798924667,1168.433861563664,1.4000000000000001,0.0,6.318743082034685,178.05067790261697,0.2857758882481067,openmc_dataset,0.0749210113857065,0.0630038481484063,9.879301711408141,598775.6166969151,889.1371540267327
567127.7311705289,1114.7451459334368,1.4000000000000001,0.0,6.103849943598448,59.9272002420239,0.4245060412209709,openmc_dataset,0.1263379510586836,0.0759336025194079,10.10581618728423,571262.2974850491,909.5234568555807
566397.3755129224,1107.146694135617,1.4000000000000001,0.0,4.497936553316263,72.5155015396339,0.29468025135220305,openmc_dataset,0.1529146527737298,0.3777032448746892,10.631234282934598,567368.3948767383,956.8110854641138
564302.2600313887,1118.5143659021423,1.4000000000000001,0.0,6.162816475598678,193.32557590519608,0.24497519534232165,openmc_dataset,0.3195062927183861,0.1047437492145291,10.277533489074415,573193.8719502119,924.9780140166973
560927.4376503582,1151.857226681805,1.4000000000000001,0.0,6.289605515127821,218.45626103544652,0.8112791594369996,openmc_dataset,0.2297609303882273,0.1775002364717215,10.697582657681945,590280.7543853578,962.7824391913751
558683.169192162,1170.3675125317498,1.4000000000000001,0.0,6.346455735191883,50.3399474716277,0.85,openmc_dataset,0.0896542534974534,0.3180598481999513,10.085600849559496,599766.5354720205,907.7040764603546
558057.0705106268,1643.781989202953,1.4000000000000001,0.0,6.964647529842906,86.49700101933306,0.85,openmc_dataset,0.0682841908166611,0.0739893362067405,11.940353087512577,842372.5181869452,1074.6317778761318
557992.361999101,1090.7125699889175,1.4000000000000001,0.0,4.962610434417388,104.60500622716147,0.28409344558400257,openmc_dataset,0.2297618230760175,0.4439236590537256,10.010646502700911,558946.5636165207,900.958185243082
557894.6193803139,1090.8756331245631,1.4000000000000001,0.0,4.761032944427567,28.51776484314903,0.3575652698359251,openmc_dataset,0.0770123397634421,0.2228165727563542,10.795534187304382,559030.1269510136,971.5980768573943
555065.7761094766,1085.0258228247928,1.4000000000000001,0.0,5.228281653689272,118.55617198951064,0.27647670257357176,openmc_dataset,0.6606909270370473,0.1090683656491526,9.560792121249596,556032.3331647933,860.4712909124637
554981.2748230314,1196.4722196858409,1.4000000000000001,0.0,6.420391739139238,228.0323807261841,0.85,openmc_dataset,0.1371381764383691,0.1336425833793121,10.141803926896161,613144.153700206,912.7623534206544
554415.8058787624,1083.8460819476031,1.4000000000000001,0.0,5.152339710584686,54.4178364521623,0.44714552668356705,openmc_dataset,0.1487543753557728,0.200797212756633,10.594514669384868,555427.7631548687,953.506320244638
552934.6160814787,1539.298505432697,1.4000000000000001,0.0,6.884489204441112,152.25717086712115,0.40287281003876996,openmc_dataset,0.1887355110892375,0.2692578724486607,12.358785384096368,788828.9120940401,1112.2906845686732
550815.3586388387,1076.6860357769854,1.4000000000000001,0.0,4.65414492479957,55.8965601371077,0.41049677509732063,openmc_dataset,0.1487543753557728,0.200797212756633,9.528399912260296,551758.5258942739,857.5559921034267
550419.7709539632,1083.5659016779052,1.4000000000000001,0.0,5.359885850055562,118.46966274142919,0.85,openmc_dataset,0.1371381764383691,0.1336425833793121,9.715512197523264,555284.1819738593,874.3960977770937
549015.3915279004,1288.6447468895205,1.4000000000000001,0.0,6.604437384855554,199.91997700933166,0.6800568245201885,openmc_dataset,0.2297618230760175,0.4439236590537256,10.790989163462358,660378.8869910036,971.1890247116123
548997.1206016507,1081.4497446920466,1.4000000000000001,0.0,5.16192828981566,177.6247844610294,0.85,openmc_dataset,0.239601360247685,0.1945378496259082,10.80247218126589,554199.7361648862,972.22249631393
548425.341420681,1071.8282628265551,1.4000000000000001,0.0,5.823114699774389,115.10221023132647,0.4198281356128664,openmc_dataset,0.079805832207681,0.0624429501506388,9.581509388681937,549269.1115680964,862.3358449813744
546848.077998856,1155.4868577635095,1.4000000000000001,0.0,6.384765087200333,142.32851860880135,0.19903074951320204,openmc_dataset,0.1529146527737298,0.3777032448746892,9.923270246912484,592140.7951294881,893.0943222221235
545827.8118016401,1429.3042230817173,1.4000000000000001,0.0,6.786360033469406,210.08443328885747,0.3761327134959356,openmc_dataset,0.2624920326700026,0.4903807722872729,12.030889344662294,732461.2421604568,1082.7800410196064
543012.9683430669,1074.7496547894816,1.4000000000000001,0.0,6.149445937328344,99.18692035498039,0.39549213624240653,openmc_dataset,0.2020503227290214,0.3011095775633933,10.450989088848218,550766.2080934178,940.5890179963395
542733.6914021334,1067.9979282540585,1.4000000000000001,0.0,5.144650290688057,168.54394664216065,0.8361986038313548,openmc_dataset,0.1497821447359825,0.1197433525738467,9.57053357365808,547306.2183130747,861.3480216292272
542367.912126067,1060.1339429061102,1.4000000000000001,0.0,6.0002196831032,110.74510669914623,0.19366993699674004,openmc_dataset,0.1435749276472755,0.0720553700467215,10.136830787511641,543276.2403816652,912.3147708760478
542356.1461340919,1669.2986229545502,1.4000000000000001,0.0,7.018948636020659,168.32872146626536,0.6762357660731526,openmc_dataset,0.0978619351924936,0.1963233789555392,12.296759079142479,855448.7723192887,1106.7083171228232
540993.0225219746,1057.4281891597768,1.4000000000000001,0.0,4.396473250972677,80.83780060247021,0.4626577299506783,openmc_dataset,0.0552893260349023,0.2971869109839704,10.066949717573205,541889.6498168192,906.0254745815885
540744.5983374787,1057.0060665999158,1.4000000000000001,0.0,5.156805448295239,40.86279924269055,0.4571027646048064,openmc_dataset,0.0806057459189284,0.4039131836702684,9.967750605788423,541673.3288897929,897.0975545209579
539296.2879988706,2478.0937907597618,1.4000000000000001,0.0,7.554856120761239,47.59322088862549,0.85,openmc_dataset,0.1699056629935615,0.0603921377380106,14.779096082080908,1269923.9440127474,1330.1186473872817
538684.2327307465,1052.8353322315422,1.4000000000000001,0.0,4.052248963206716,128.25753075340813,0.6021973899204224,openmc_dataset,0.084319041950262,0.0654262751704322,9.522643468573076,539535.9943553761,857.0379121715769
537912.4739349294,1065.0700323226279,1.4000000000000001,0.0,6.099976648255729,56.35177935136546,0.85,openmc_dataset,0.0539288745774948,0.1794368695760611,9.995435604653714,545805.788764054,899.5892044188342
536265.7543820824,1048.4492304522184,1.4000000000000001,0.0,5.264186676985407,86.54026458955586,0.30092112285938766,openmc_dataset,0.2095937169426268,0.4595982099172934,9.99473482212004,537288.2926375439,899.5261339908037
536099.3142653385,1056.1890950373402,1.4000000000000001,0.0,6.024970799034314,69.75078767843617,0.85,openmc_dataset,0.0643384051607935,0.2218882745677418,9.627275756222064,541254.6636428353,866.4548180599857
535863.1687320579,1047.6468875366627,1.4000000000000001,0.0,4.358762786795348,75.92693777697798,0.3901861297773884,openmc_dataset,0.1487543753557728,0.200797212756633,10.481144650638203,536877.1239870382,943.3030185574382
534747.831122855,1045.268931293652,1.4000000000000001,0.0,5.44392989838447,117.32987793946265,0.23195664980920827,openmc_dataset,0.0625434269839358,0.4819087463837508,10.172123946800884,535658.516530745,915.4911552120795
528852.0171061193,1033.9277413910002,1.4000000000000001,0.0,4.308797866311543,39.14124555567875,0.4368460219769081,openmc_dataset,0.1142217361304362,0.1925862189580392,9.804101490846081,529846.610353232,882.3691341761473
525798.7113436288,1027.6584090240606,1.4000000000000001,0.0,4.089866586650167,35.96438206952715,0.24613477544684922,openmc_dataset,0.2127563397480635,0.2279698772497133,9.328482325239928,526633.82828847,839.5634092715936
523041.76657965,1022.4716350003189,1.4000000000000001,0.0,4.137820341776756,114.00219616129553,0.25155799775302984,openmc_dataset,0.2624920326700026,0.4903807722872729,9.973724272631358,523975.8140722635,897.6351845368222
522436.60533107177,1535.1322351757478,1.4000000000000001,0.0,6.929127384324003,105.81256958929546,0.85,openmc_dataset,0.2991145733904731,0.3872639234616473,11.83328866029035,786693.8652381639,1064.9959794261315
522290.0841954141,1020.8283402131805,1.4000000000000001,0.0,3.677834237162946,48.055934652253455,0.5490727385759435,openmc_dataset,0.116170791205715,0.2205965740471138,9.464327380779498,523133.6912256464,851.7894642701549
518183.95920524286,1012.8605357280388,1.4000000000000001,0.0,4.40250372027303,54.55870602718883,0.09434132911523742,openmc_dataset,0.2095937169426268,0.4595982099172934,9.666460588161597,519050.5101391909,869.9814529345438
517439.61734692456,1011.6841462473053,1.4000000000000001,0.0,4.620534759499053,72.30002407654892,0.43911090314655943,openmc_dataset,0.0650613993787234,0.1823146568990769,10.156715995013574,518447.65758589417,914.1044395512217
517041.4473874051,1990.307663986044,1.4000000000000001,0.0,7.293093688083478,147.38884543748983,0.27030750570119216,openmc_dataset,0.1286499479745286,0.3298779659309112,13.576263782897948,1019953.0654862882,1221.8637404608153
516126.7983997244,1008.7761197857554,1.4000000000000001,0.0,4.891035749922659,87.35916780094884,0.38427193114202285,openmc_dataset,0.1830767746185719,0.4392656006219743,9.45021585185052,516957.4103454082,850.5194266665468
516108.1927608047,1008.9730077154818,1.4000000000000001,0.0,4.52674214782136,79.11414391110742,0.19410353975567196,openmc_dataset,0.0588916468354164,0.1778423558465827,10.021657554857882,517058.3075338758,901.9491799372094
515843.6439741038,1012.1763804610168,1.4000000000000001,0.0,6.080700297473342,123.1516738482291,0.3714718284159195,openmc_dataset,0.0806057459189284,0.4039131836702684,10.042905689579706,518699.9079310528,903.8615120621735
514643.0104202402,1008.4233588458719,1.4000000000000001,0.0,5.25723968776854,51.56778465523201,0.5306981402771501,openmc_dataset,0.0982363434691065,0.6107389593344842,10.143642689141078,516776.6344741555,912.927842022697
513107.5158217076,1008.1415583184314,1.4000000000000001,0.0,4.3692913232184525,137.91303171860488,0.7733326482353058,openmc_dataset,0.0539288745774948,0.1794368695760611,9.567865166474961,516632.2229758634,861.1078649827466
512543.0641999864,1001.8317686926692,1.4000000000000001,0.0,5.218439286084091,70.81093228731568,0.28908060062625623,openmc_dataset,0.0896542534974534,0.3180598481999513,9.544979827343404,513398.7081842453,859.0481844609064
511878.25354880607,1000.530280550213,1.4000000000000001,0.0,5.508235190247519,190.23968436978686,0.2546457419122749,openmc_dataset,0.1830767746185719,0.4392656006219743,9.34362480874413,512731.7475707622,840.9262327869716
511548.4226397412,1000.0208807256975,1.4000000000000001,0.0,4.924344058489092,36.81881963499138,0.49761018317791855,openmc_dataset,0.1761048820648996,0.2625278862004249,9.84033270725427,512470.70053669094,885.6299436528842
511521.8013158824,999.9613889988902,1.4000000000000001,0.0,4.766572488673345,98.92472228771742,0.33140665496229127,openmc_dataset,0.0605561256895082,0.2142144667026164,9.826661077935853,512440.21340637124,884.3994970142268
510145.8788006649,1005.2270160321631,1.4000000000000001,0.0,4.339351171088913,63.33558318611482,0.85,openmc_dataset,0.0539288745774948,0.1794368695760611,9.528685233563554,515138.6366358422,857.5816710207198
501801.1881518037,980.9536445179506,1.4000000000000001,0.0,5.400305420952352,151.21393427898943,0.526019432167173,openmc_dataset,0.239601360247685,0.1945378496259082,9.262048908069616,502699.50466966897,833.5844017262655
501094.523836205,987.3888379379291,1.4000000000000001,0.0,4.002663525984163,74.51407653489512,0.85,openmc_dataset,0.2127563397480635,0.2279698772497133,9.088197465762562,505997.2838896711,817.9377719186306
500482.991826909,978.4547505960294,1.4000000000000001,0.0,5.4755915393680175,96.95939313184674,0.2911177112748584,openmc_dataset,0.0682841908166611,0.0739893362067405,10.211000362850713,501418.9214904413,918.9900326565642
499960.0102203208,985.3380782403067,1.4000000000000001,0.0,5.07323049108144,178.89195614773573,0.85,openmc_dataset,0.1887355110892375,0.2692578724486607,9.281444076261678,504946.3515750276,835.329966863551
499876.52085546666,985.4480130466881,1.4000000000000001,0.0,3.8835922958456575,124.34418223526546,0.8462295775445808,openmc_dataset,0.2297618230760175,0.4439236590537256,9.393627318026326,505002.68876590574,845.4264586223693
499411.0959101334,983.9606332857263,1.4000000000000001,0.0,5.441059076141949,134.16438724256602,0.85,openmc_dataset,0.0940643391478131,0.0673825247520502,9.26462095597405,504240.46613360324,833.8158860376645
498482.65750712727,974.4197427056646,1.4000000000000001,0.0,4.766500365648239,149.87064912481333,0.30509389345587645,openmc_dataset,0.239601360247685,0.1945378496259082,9.657283631952343,499351.14134694485,869.1555268757108
498119.85596715735,1625.2823347842784,1.4000000000000001,0.0,7.048419978589307,78.17561130080979,0.85,openmc_dataset,0.1811537015108027,0.2371992497212182,11.549721242528712,832892.1852835512,1039.474911827584
495908.7892025392,977.4173121186498,1.4000000000000001,0.0,5.795746209665645,179.1935420740917,0.85,openmc_dataset,0.1371381764383691,0.1336425833793121,9.801330421804456,500887.27576832316,882.1197379624011
495316.73192104016,968.3093652017587,1.4000000000000001,0.0,5.759564457674987,204.13909176186493,0.12952046262215125,openmc_dataset,0.076880930822367,0.4064601834974106,9.954154797641264,496219.81729129335,895.8739317877138
495030.31371018855,967.6725111219978,1.4000000000000001,0.0,5.729548603661231,196.22487521941306,0.5418687705045278,openmc_dataset,0.1830767746185719,0.4392656006219743,9.622742546814091,495893.45504957903,866.0468292132682
493296.8135594005,1492.9393589906479,1.4000000000000001,0.0,6.942940035237712,164.44315759529965,0.85,openmc_dataset,0.0900467413281261,0.2100171027719414,11.254433308135408,765071.7039083474,1012.8989977321867
492299.3284708435,962.5899287254036,1.4000000000000001,0.0,3.91591725317425,31.816915128992655,0.4696103706318749,openmc_dataset,0.6683393349217865,0.2391436457750224,9.925972568854476,493288.83487462037,893.337531196903
491746.6682212604,969.2946164538986,1.4000000000000001,0.0,5.881812684910143,106.78395687186259,0.85,openmc_dataset,0.2297618230760175,0.4439236590537256,9.73171107413681,496724.71914796496,875.8539966723127
491215.8411973157,960.2580100679331,1.4000000000000001,0.0,4.303003694101155,49.881229499437055,0.3213701580364165,openmc_dataset,0.0606558384652823,0.0995609388249531,9.783961579640861,492093.81983941304,880.5565421676775
490120.46454899834,963.2605973439504,1.4000000000000001,0.0,6.094086855884355,199.10911228954643,0.1193222899568628,openmc_dataset,0.1529146527737298,0.3777032448746892,9.630122523776768,493632.5257148808,866.7110271399092
489959.3093415162,957.7957043740504,1.4000000000000001,0.0,4.080402102938529,121.18104590603922,0.5365764720207342,openmc_dataset,0.1536541200731404,0.2208420661444454,9.816467764410637,490831.98666352587,883.4820987969574
486395.297422921,950.7333829062458,1.4000000000000001,0.0,5.626386746678792,79.16433126238333,0.33661148805053925,openmc_dataset,0.079805832207681,0.0624429501506388,9.240364999816379,487212.8294041347,831.632849983474
486359.7327504651,959.1254979057218,1.4000000000000001,0.0,5.465568065556462,162.33944882956428,0.85,openmc_dataset,0.0770123397634421,0.2228165727563542,10.024378105798391,491513.4526567661,902.1940295218551
485123.12109169614,1153.523069729969,1.4000000000000001,0.0,6.580531338703977,130.22071608900586,0.85,openmc_dataset,0.0706174053522328,0.1162649216536859,10.258052393969297,591134.4323138201,923.2247154572367
484650.1065098458,947.887927189845,1.4000000000000001,0.0,3.413032315709341,29.282488187054717,0.4726674667888264,openmc_dataset,0.0689204523882189,0.1429848679267495,9.358613279954504,485754.6471677079,842.2751951959054
484398.74762250244,946.8975966644624,1.4000000000000001,0.0,4.70836142310916,68.94538329969798,0.4333787681170219,openmc_dataset,0.2624920326700026,0.4903807722872729,9.561254454307482,485247.1423866704,860.5129008876734
481342.51097913587,948.7802766457509,1.4000000000000001,0.0,5.679162144767023,46.55630577138517,0.85,openmc_dataset,0.0889779781415959,0.0647262045878031,9.1961288364097,486211.94056988147,827.651595276873
479147.73836269864,936.6976843713179,1.4000000000000001,0.0,3.7914176262026347,48.87880733230998,0.6345259404569915,openmc_dataset,0.0643384051607935,0.2218882745677418,8.823048547844225,480020.0953329256,794.0743693059802
477927.9038079758,934.243964975671,1.4000000000000001,0.0,4.163740811635831,36.541074674408165,0.3435936153139157,openmc_dataset,0.0552893260349023,0.2971869109839704,8.841484188237045,478762.6622914324,795.7335769413341
476523.78276421747,931.934146973155,1.4000000000000001,0.0,3.2365735480135718,21.14934543528974,0.27458520908968714,openmc_dataset,0.0940643391478131,0.0673825247520502,10.11200254740664,477578.97295786295,910.0802292665976
473687.7091420809,1007.6126261174982,1.4000000000000001,0.0,6.3734013485681835,58.3252108227525,0.30766161814223375,openmc_dataset,0.0940643391478131,0.0673825247520502,9.460943632058385,516361.16638017324,851.4849268852547
