case,cycle,resonance_score,primary_window_fraction
autoresonant_hold_120keV,1,0.21342389108398233,0.0
autoresonant_hold_120keV,2,0.2133654993287528,0.0
autoresonant_hold_120keV,3,0.21305147700803992,0.0
autoresonant_hold_120keV,4,0.21337841985370662,0.0
autoresonant_hold_120keV,5,0.2130493813233772,0.0
autoresonant_hold_120keV,6,0.21326073013988608,0.0
autoresonant_hold_120keV,7,0.21311481204707305,0.0
autoresonant_hold_120keV,8,0.21343744057624758,0.0
autoresonant_hold_120keV,9,0.21298877879669137,0.0
autoresonant_hold_120keV,10,0.21305024358945115,0.0
autoresonant_hold_120keV,11,0.21320647704398485,0.0
autoresonant_hold_120keV,12,0.21302126881219563,0.0
autoresonant_hold_120keV,13,0.21313185537505008,0.0
autoresonant_hold_120keV,14,0.21312102426956808,0.0
autoresonant_hold_120keV,15,0.2130629609286201,0.0
autoresonant_hold_120keV,16,0.21328382346429653,0.0
autoresonant_hold_120keV,17,0.2132931599359967,0.0
autoresonant_hold_120keV,18,0.2134522621190111,0.0
autoresonant_hold_120keV,19,0.2132687647625097,0.0
autoresonant_hold_120keV,20,0.21314321549333579,0.0
autoresonant_hold_120keV,21,0.2131852443657239,0.0
autoresonant_hold_120keV,22,0.21326324034287925,0.0
autoresonant_hold_120keV,23,0.21301154546242068,0.0
autoresonant_hold_120keV,24,0.2134492938422709,0.0
autoresonant_hold_120keV,25,0.21325044671180093,0.0
autoresonant_hold_120keV,26,0.212938176770788,0.0
autoresonant_hold_120keV,27,0.21310972735432399,0.0
autoresonant_hold_120keV,28,0.21321806045951508,0.0
autoresonant_hold_120keV,29,0.21324866027917783,0.0
autoresonant_hold_120keV,30,0.21317051279466762,0.0
autoresonant_hold_120keV,31,0.2130517104855865,0.0
autoresonant_hold_120keV,32,0.2131805058119387,0.0
conventional_inject_675keV,1,0.8922548290266397,0.9791833333333333
conventional_inject_675keV,2,0.880339507937423,0.9701666666666666
conventional_inject_675keV,3,0.8447768105384283,0.9412083333333333
conventional_inject_675keV,4,0.7887951500565368,0.8840083333333333
conventional_inject_675keV,5,0.7173004124015461,0.7969333333333334
conventional_inject_675keV,6,0.6358404058991136,0.675775
conventional_inject_675keV,7,0.5502874297117878,0.5340416666666666
conventional_inject_675keV,8,0.4659942458279662,0.39124166666666665
conventional_inject_675keV,9,0.38749785291374794,0.2624416666666667
conventional_inject_675keV,10,0.3178624829421584,0.15970833333333334
conventional_inject_675keV,11,0.2587039550737949,0.08800833333333333
conventional_inject_675keV,12,0.21060468637155433,0.04480833333333333
conventional_inject_675keV,13,0.17294311281014477,0.020466666666666668
conventional_inject_675keV,14,0.14440235006153604,0.008216666666666667
conventional_inject_675keV,15,0.12327070856008751,0.0030166666666666666
conventional_inject_675keV,16,0.10788863722006657,0.0009666666666666667
conventional_inject_675keV,17,0.09671547644342048,0.00031666666666666665
conventional_inject_675keV,18,0.08880827419028405,8.333333333333333e-05
conventional_inject_675keV,19,0.08389764117972556,1.6666666666666667e-05
conventional_inject_675keV,20,0.08248772874251141,0.0
conventional_inject_675keV,21,0.08567011454918617,0.0
conventional_inject_675keV,22,0.09459620014197895,0.0
conventional_inject_675keV,23,0.10956968551037981,0.0
conventional_inject_675keV,24,0.12885467236820372,0.0
conventional_inject_675keV,25,0.14852368909949662,0.0
conventional_inject_675keV,26,0.16308693764209853,0.0
conventional_inject_675keV,27,0.1677833758573664,0.0
conventional_inject_675keV,28,0.16010591741749278,0.0
conventional_inject_675keV,29,0.1411369211805183,0.0
conventional_inject_675keV,30,0.11478159057042979,0.0
conventional_inject_675keV,31,0.08600435891244808,0.0
conventional_inject_675keV,32,0.05936921168677098,0.0
ff_inject_675keV_3p7pct,1,0.9743235891621584,1.0
ff_inject_675keV_3p7pct,2,0.9583077605692094,0.9999833333333333
ff_inject_675keV_3p7pct,3,0.9115655276908776,0.999525
ff_inject_675keV_3p7pct,4,0.8390218593305356,0.9939333333333333
ff_inject_675keV_3p7pct,5,0.7478214971328307,0.9573666666666667
ff_inject_675keV_3p7pct,6,0.6461993730271257,0.8265833333333333
ff_inject_675keV_3p7pct,7,0.5425533216461204,0.5750666666666666
ff_inject_675keV_3p7pct,8,0.44410186462103807,0.2906166666666667
ff_inject_675keV_3p7pct,9,0.35610570682528814,0.10174166666666666
ff_inject_675keV_3p7pct,10,0.2818001585976149,0.02485
ff_inject_675keV_3p7pct,11,0.22241120151690835,0.0037916666666666667
ff_inject_675keV_3p7pct,12,0.17737693001597807,0.00036666666666666667
ff_inject_675keV_3p7pct,13,0.1449767285319444,8.333333333333334e-06
ff_inject_675keV_3p7pct,14,0.12265310425033418,0.0
ff_inject_675keV_3p7pct,15,0.1077552123448789,0.0
ff_inject_675keV_3p7pct,16,0.09773265692986585,0.0
ff_inject_675keV_3p7pct,17,0.09049139987857549,0.0
ff_inject_675keV_3p7pct,18,0.08440312658816468,0.0
ff_inject_675keV_3p7pct,19,0.07850406579718669,0.0
ff_inject_675keV_3p7pct,20,0.07264402817052608,0.0
ff_inject_675keV_3p7pct,21,0.06815208759317981,0.0
ff_inject_675keV_3p7pct,22,0.06883522067768519,0.0
ff_inject_675keV_3p7pct,23,0.0811393676486833,0.0
ff_inject_675keV_3p7pct,24,0.111043827292674,0.0
ff_inject_675keV_3p7pct,25,0.15681389298512105,0.0
ff_inject_675keV_3p7pct,26,0.20372944145809352,0.0
ff_inject_675keV_3p7pct,27,0.22899452440191323,0.0
ff_inject_675keV_3p7pct,28,0.2171622917717014,0.0
ff_inject_675keV_3p7pct,29,0.17275388200052796,0.0
ff_inject_675keV_3p7pct,30,0.11548037564674248,0.0
ff_inject_675keV_3p7pct,31,0.06523618400939647,0.0
ff_inject_675keV_3p7pct,32,0.03150847549630282,0.0
ff_rephase_675keV,1,0.9742914530358464,1.0
ff_rephase_675keV,2,0.9701221157469612,1.0
ff_rephase_675keV,3,0.9715067155158135,0.999975
ff_rephase_675keV,4,0.9691347609988161,0.9999666666666667
ff_rephase_675keV,5,0.966791689211862,0.9999666666666667
ff_rephase_675keV,6,0.9677356107517638,0.9999083333333333
ff_rephase_675keV,7,0.9583009824911278,0.999925
ff_rephase_675keV,8,0.9713470989282468,0.999875
ff_rephase_675keV,9,0.9703313996988172,0.9999
ff_rephase_675keV,10,0.9624307689163792,0.999925
ff_rephase_675keV,11,0.9669586818475862,0.9999583333333333
ff_rephase_675keV,12,0.9675393698654026,0.9999416666666666
ff_rephase_675keV,13,0.9650694489729806,0.9999
ff_rephase_675keV,14,0.9668597454260571,0.9998416666666666
ff_rephase_675keV,15,0.9614468399570035,0.99985
ff_rephase_675keV,16,0.971818528337985,0.9998583333333333
ff_rephase_675keV,17,0.9715433512920172,0.9999
ff_rephase_675keV,18,0.9663665315055152,0.9998833333333333
ff_rephase_675keV,19,0.972067530715384,0.9999333333333333
ff_rephase_675keV,20,0.9710491161121444,0.9999583333333333
ff_rephase_675keV,21,0.969440506577158,0.9999416666666666
ff_rephase_675keV,22,0.9710874215769557,0.999925
ff_rephase_675keV,23,0.9603804762353648,0.999975
ff_rephase_675keV,24,0.9706068650341556,0.9999666666666667
ff_rephase_675keV,25,0.9645373423742204,0.9999583333333333
ff_rephase_675keV,26,0.967693318808739,0.9999666666666667
ff_rephase_675keV,27,0.9722671002062986,0.9999333333333333
ff_rephase_675keV,28,0.9547974182464185,0.9999083333333333
ff_rephase_675keV,29,0.9640981618170184,0.9998666666666667
ff_rephase_675keV,30,0.9620889826218186,0.9998416666666666
ff_rephase_675keV,31,0.9661380949472466,0.9998666666666667
ff_rephase_675keV,32,0.9704534829208378,0.9999
ff_rephase_sync_sheet_675keV,1,0.9687873451597101,1.0
ff_rephase_sync_sheet_675keV,2,0.9739093470118326,1.0
ff_rephase_sync_sheet_675keV,3,0.9707773312312779,1.0
ff_rephase_sync_sheet_675keV,4,0.9705679884335484,1.0
ff_rephase_sync_sheet_675keV,5,0.9717681574369125,1.0
ff_rephase_sync_sheet_675keV,6,0.9725671430074442,0.9999916666666666
ff_rephase_sync_sheet_675keV,7,0.9706053453508932,0.9999916666666666
ff_rephase_sync_sheet_675keV,8,0.9735863209044425,1.0
ff_rephase_sync_sheet_675keV,9,0.9726720034577873,1.0
ff_rephase_sync_sheet_675keV,10,0.9721927335683701,1.0
ff_rephase_sync_sheet_675keV,11,0.9730925688654153,0.9999916666666666
ff_rephase_sync_sheet_675keV,12,0.9727324753064781,1.0
ff_rephase_sync_sheet_675keV,13,0.9679174465979543,0.9999916666666666
ff_rephase_sync_sheet_675keV,14,0.97225889531582,1.0
ff_rephase_sync_sheet_675keV,15,0.9715736926741038,1.0
ff_rephase_sync_sheet_675keV,16,0.9720758504282339,0.999975
ff_rephase_sync_sheet_675keV,17,0.9708214574082766,0.999975
ff_rephase_sync_sheet_675keV,18,0.9711539406574227,0.9999833333333333
ff_rephase_sync_sheet_675keV,19,0.9690030427633339,0.999975
ff_rephase_sync_sheet_675keV,20,0.9734341549900797,0.9999916666666666
ff_rephase_sync_sheet_675keV,21,0.9725771701710859,0.9999916666666666
ff_rephase_sync_sheet_675keV,22,0.9721824932963297,0.9999916666666666
ff_rephase_sync_sheet_675keV,23,0.9662852833544787,0.9999916666666666
ff_rephase_sync_sheet_675keV,24,0.9730823299159809,0.9999833333333333
ff_rephase_sync_sheet_675keV,25,0.9731257456084313,0.9999916666666666
ff_rephase_sync_sheet_675keV,26,0.9711588957595544,0.9999916666666666
ff_rephase_sync_sheet_675keV,27,0.9696179354393877,0.9999916666666666
ff_rephase_sync_sheet_675keV,28,0.9719550170746246,1.0
ff_rephase_sync_sheet_675keV,29,0.9734513311745709,0.9999916666666666
ff_rephase_sync_sheet_675keV,30,0.9709393852465255,0.9999916666666666
ff_rephase_sync_sheet_675keV,31,0.9701769723149907,0.9999916666666666
ff_rephase_sync_sheet_675keV,32,0.9714367890704214,0.9999833333333333
